TrainingType,BrainTypeVegan,SurvivorPercentageVegan,SurvivorAvgAgeVegan,BrainTypeCarnivore,SurvivorPercentageCarnivore,SurvivorAvgAgeCarnivore
veg_POCA__carn_POCA,POCA,0.666666700,7834.166500000,POCA,0.800000000,9032.800000000
veg_POCA__carn_POCA,POCA,0.766666651,8827.667000000,POCA,0.866666700,9154.866000000
veg_POCA__carn_POCA,POCA,0.600000000,7195.200000000,POCA,0.666666700,8801.934000000
veg_POCA__carn_POCA,POCA,0.766666651,8753.033000000,POCA,0.733333349,9289.200000000
veg_POCA__carn_POCA,POCA,0.566666663,8385.134000000,POCA,0.733333349,9642.267000000
veg_POCA__carn_POCA,POCA,0.700000000,9068.566000000,POCA,0.866666700,9904.800000000
veg_POCA__carn_POCA,POCA,0.766666651,8306.900000000,POCA,0.466666669,7779.800000000
veg_POCA__carn_POCA,POCA,0.700000000,8553.500000000,POCA,0.800000000,9341.667000000
veg_POCA__carn_POCA,POCA,0.633333300,7664.467000000,POCA,0.333333343,7362.733400000
veg_POCA__carn_POCA,POCA,0.866666700,9418.467000000,POCA,0.666666700,8969.733000000
veg_POCA__carn_POCA,POCA,0.766666651,8710.434000000,POCA,0.533333361,8442.333000000
veg_POCA__carn_POCA,POCA,0.900000000,9225.833000000,POCA,0.533333361,8594.866000000
veg_POCA__carn_POCA,POCA,0.633333300,8091.300000000,POCA,0.666666700,9098.934000000
veg_POCA__carn_POCA,POCA,0.700000000,8106.533000000,POCA,0.600000000,8580.000000000
veg_POCA__carn_POCA,POCA,0.800000000,8737.767000000,POCA,0.600000000,8256.866000000
veg_POCA__carn_POCA,POCA,0.633333300,8312.733000000,POCA,0.733333349,9044.600000000
veg_POCA__carn_POCA,POCA,0.766666651,8712.167000000,POCA,0.533333361,8211.066000000
veg_POCA__carn_POCA,POCA,0.733333349,8436.667000000,POCA,0.466666669,7011.666500000
veg_POCA__carn_POCA,POCA,0.666666700,8680.434000000,POCA,0.733333349,9292.733000000
veg_POCA__carn_POCA,POCA,0.666666700,7966.200000000,POCA,0.533333361,8369.600000000
veg_POCA__carn_POCA,POCA,0.733333349,8386.434000000,POCA,0.733333349,9331.600000000
veg_POCA__carn_POCA,POCA,0.833333300,9200.533000000,POCA,0.533333361,8042.400000000
veg_POCA__carn_POCA,POCA,0.833333300,9084.100000000,POCA,0.466666669,8295.467000000
veg_POCA__carn_POCA,POCA,0.733333349,8176.866700000,POCA,0.666666700,9117.000000000
veg_POCA__carn_POCA,POCA,0.800000000,8644.900000000,POCA,0.666666700,8782.134000000
veg_POCA__carn_POCA,POCA,0.833333300,9018.500000000,POCA,0.466666669,8107.666500000
veg_POCA__carn_POCA,POCA,0.666666700,8019.633300000,POCA,0.866666700,9625.533000000
veg_POCA__carn_POCA,POCA,0.700000000,8343.533000000,POCA,0.200000000,7923.533000000
veg_POCA__carn_POCA,POCA,0.733333349,8297.200000000,POCA,0.600000000,7957.200000000
veg_POCA__carn_POCA,POCA,0.600000000,7308.333500000,POCA,0.533333361,7533.733400000
veg_POCA__carn_POCA,POCA,0.666666700,8237.434000000,POCA,0.866666700,9326.000000000
veg_POCA__carn_POCA,POCA,0.800000000,8804.434000000,POCA,0.600000000,8671.733000000
veg_POCA__carn_POCA,POCA,0.766666651,9088.434000000,POCA,0.733333349,9458.134000000
veg_POCA__carn_POCA,POCA,0.633333300,7592.233400000,POCA,0.533333361,8381.267000000
veg_POCA__carn_POCA,POCA,0.666666700,7667.200000000,POCA,0.733333349,9069.800000000
veg_POCA__carn_POCA,POCA,0.633333300,8194.600000000,POCA,0.266666681,6720.733400000
veg_POCA__carn_POCA,POCA,0.766666651,8341.566000000,POCA,0.666666700,9023.733000000
veg_POCA__carn_POCA,POCA,0.866666700,9540.000000000,POCA,0.533333361,8418.533000000
veg_POCA__carn_POCA,POCA,0.633333300,7603.400000000,POCA,0.666666700,8987.267000000
veg_POCA__carn_POCA,POCA,0.700000000,8977.134000000,POCA,1.000000000,10000.000000000
veg_POCA__carn_POCA,POCA,0.700000000,9043.733000000,POCA,0.666666700,8995.333000000
veg_POCA__carn_POCA,POCA,0.766666651,8489.400000000,POCA,0.733333349,9063.667000000
veg_POCA__carn_POCA,POCA,0.766666651,8755.833000000,POCA,0.466666669,8671.934000000
veg_POCA__carn_POCA,POCA,0.666666700,7884.033000000,POCA,0.666666700,8497.667000000
veg_POCA__carn_POCA,POCA,0.766666651,8745.066000000,POCA,0.933333337,9634.600000000
veg_POCA__carn_POCA,POCA,0.633333300,7879.533000000,POCA,0.733333349,9009.866000000
veg_POCA__carn_POCA,POCA,0.633333300,8188.733400000,POCA,0.733333349,9662.866000000
veg_POCA__carn_POCA,POCA,0.666666700,8314.533000000,POCA,0.400000000,7555.533000000
veg_POCA__carn_POCA,POCA,0.800000000,8865.134000000,POCA,0.666666700,9189.600000000
veg_POCA__carn_POCA,POCA,0.766666651,8388.134000000,POCA,0.733333349,8730.467000000
veg_POCA__carn_POCA,POCA,0.700000000,8217.500000000,POCA,0.733333349,9239.000000000
veg_POCA__carn_POCA,POCA,0.833333300,9077.467000000,POCA,0.800000000,9375.934000000
veg_POCA__carn_POCA,POCA,0.633333300,8305.333000000,POCA,0.866666700,9508.000000000
veg_POCA__carn_POCA,POCA,0.700000000,7820.933000000,POCA,0.666666700,9109.800000000
veg_POCA__carn_POCA,POCA,0.733333349,8296.400000000,POCA,0.666666700,8498.066000000
veg_POCA__carn_POCA,POCA,0.600000000,8043.467000000,POCA,0.800000000,9123.800000000
veg_POCA__carn_POCA,POCA,0.800000000,8687.434000000,POCA,0.733333349,9086.667000000
veg_POCA__carn_POCA,POCA,0.633333300,7787.067000000,POCA,0.666666700,9372.267000000
veg_POCA__carn_POCA,POCA,0.666666700,7823.766600000,POCA,0.733333349,8767.000000000
veg_POCA__carn_POCA,POCA,0.766666651,8460.767000000,POCA,0.466666669,8013.933000000
veg_POCA__carn_POCA,POCA,0.700000000,7921.666500000,POCA,0.133333340,7207.000000000
veg_POCA__carn_POCA,POCA,0.700000000,8519.900000000,POCA,0.666666700,9230.200000000
veg_POCA__carn_POCA,POCA,0.733333349,8605.533000000,POCA,0.533333361,8426.200000000
veg_POCA__carn_POCA,POCA,0.800000000,9020.767000000,POCA,0.466666669,7848.266600000
veg_POCA__carn_POCA,POCA,0.700000000,8267.066000000,POCA,0.600000000,8979.333000000
veg_POCA__carn_POCA,POCA,0.733333349,8949.300000000,POCA,0.466666669,7751.666500000
veg_POCA__carn_POCA,POCA,0.833333300,9030.767000000,POCA,0.866666700,9251.267000000
veg_POCA__carn_POCA,POCA,0.666666700,8267.300000000,POCA,1.000000000,10000.000000000
veg_POCA__carn_POCA,POCA,0.700000000,8338.134000000,POCA,0.400000000,7371.200000000
veg_POCA__carn_POCA,POCA,0.800000000,9009.900000000,POCA,0.666666700,9196.467000000
veg_POCA__carn_POCA,POCA,0.666666700,7839.666500000,POCA,0.533333361,8526.400000000
veg_POCA__carn_POCA,POCA,0.800000000,8381.500000000,POCA,0.333333343,7466.266600000
veg_POCA__carn_POCA,POCA,0.766666651,8274.900000000,POCA,0.733333349,9426.200000000
veg_POCA__carn_POCA,POCA,0.766666651,8670.400000000,POCA,0.666666700,9107.467000000
veg_POCA__carn_POCA,POCA,0.700000000,7996.733400000,POCA,0.600000000,9238.400000000
veg_POCA__carn_POCA,POCA,0.566666663,7805.467000000,POCA,0.333333343,8616.733000000
veg_POCA__carn_POCA,POCA,0.766666651,8384.134000000,POCA,0.733333349,8948.800000000
veg_POCA__carn_POCA,POCA,0.766666651,8564.634000000,POCA,0.733333349,9233.066000000
veg_POCA__carn_POCA,POCA,0.700000000,7972.166500000,POCA,0.533333361,8083.533000000
veg_POCA__carn_POCA,POCA,0.800000000,8567.434000000,POCA,0.800000000,8971.467000000
veg_POCA__carn_POCA,POCA,0.800000000,8836.500000000,POCA,0.733333349,9094.134000000
veg_POCA__carn_POCA,POCA,0.733333349,8524.934000000,POCA,0.800000000,8938.400000000
veg_POCA__carn_POCA,POCA,0.766666651,8993.167000000,POCA,0.933333337,9520.934000000
veg_POCA__carn_POCA,POCA,0.700000000,8573.866000000,POCA,0.866666700,9719.934000000
veg_POCA__carn_POCA,POCA,0.766666651,8289.600000000,POCA,0.533333361,7485.200000000
veg_POCA__carn_POCA,POCA,0.833333300,8864.134000000,POCA,0.733333349,9045.066000000
veg_POCA__carn_POCA,POCA,0.866666700,9375.767000000,POCA,0.800000000,8983.467000000
veg_POCA__carn_POCA,POCA,0.766666651,8525.800000000,POCA,0.533333361,8282.800000000
veg_POCA__carn_POCA,POCA,0.633333300,8214.267000000,POCA,0.666666700,8806.400000000
veg_POCA__carn_POCA,POCA,0.666666700,8011.200000000,POCA,0.466666669,8466.533000000
veg_POCA__carn_POCA,POCA,0.866666700,9206.467000000,POCA,0.666666700,9311.533000000
veg_POCA__carn_POCA,POCA,0.733333349,8321.967000000,POCA,0.733333349,8749.134000000
veg_POCA__carn_POCA,POCA,0.733333349,8493.333000000,POCA,0.933333337,9541.866000000
veg_POCA__carn_POCA,POCA,0.600000000,7299.100000000,POCA,0.800000000,9172.733000000
veg_POCA__carn_POCA,POCA,0.766666651,8439.634000000,POCA,0.400000000,7176.333500000
veg_POCA__carn_POCA,POCA,0.900000000,9470.333000000,POCA,0.466666669,7891.000000000
veg_POCA__carn_POCA,POCA,0.800000000,8658.667000000,POCA,0.600000000,8734.467000000
veg_POCA__carn_POCA,POCA,0.800000000,9161.100000000,POCA,0.733333349,8846.934000000
veg_POCA__carn_POCA,POCA,0.833333300,9130.267000000,POCA,0.600000000,8744.934000000
veg_POCA__carn_POCA,POCA,0.800000000,8607.833000000,POCA,0.733333349,9708.733000000
veg_POCA__carn_PPO,POCA,0.666666700,7331.800000000,PPO,0.000000000,3930.733400000
veg_POCA__carn_PPO,POCA,0.633333300,7555.766600000,PPO,0.000000000,4941.666500000
veg_POCA__carn_PPO,POCA,0.400000000,5869.433000000,PPO,0.066666670,5309.400000000
veg_POCA__carn_PPO,POCA,0.500000000,6625.433000000,PPO,0.000000000,4554.067000000
veg_POCA__carn_PPO,POCA,0.600000000,7199.600000000,PPO,0.133333340,4429.400000000
veg_POCA__carn_PPO,POCA,0.500000000,6446.866700000,PPO,0.066666670,4653.133300000
veg_POCA__carn_PPO,POCA,0.766666651,8115.833500000,PPO,0.066666670,3776.866700000
veg_POCA__carn_PPO,POCA,0.400000000,6146.500000000,PPO,0.066666670,5765.266600000
veg_POCA__carn_PPO,POCA,0.500000000,6793.833500000,PPO,0.066666670,5140.333500000
veg_POCA__carn_PPO,POCA,0.500000000,6341.600000000,PPO,0.066666670,4782.600000000
veg_POCA__carn_PPO,POCA,0.366666675,5591.133300000,PPO,0.200000000,5274.733400000
veg_POCA__carn_PPO,POCA,0.600000000,7407.500000000,PPO,0.133333340,5507.666500000
veg_POCA__carn_PPO,POCA,0.600000000,7410.300000000,PPO,0.000000000,4923.200000000
veg_POCA__carn_PPO,POCA,0.466666669,6090.200000000,PPO,0.200000000,5342.933000000
veg_POCA__carn_PPO,POCA,0.400000000,5576.433000000,PPO,0.133333340,5010.533000000
veg_POCA__carn_PPO,POCA,0.466666669,6450.800000000,PPO,0.066666670,5191.800000000
veg_POCA__carn_PPO,POCA,0.600000000,7138.166500000,PPO,0.066666670,4741.533000000
veg_POCA__carn_PPO,POCA,0.566666663,6726.967000000,PPO,0.066666670,4640.467000000
veg_POCA__carn_PPO,POCA,0.566666663,6500.200000000,PPO,0.133333340,5188.000000000
veg_POCA__carn_PPO,POCA,0.433333337,5800.200000000,PPO,0.200000000,6039.133300000
veg_POCA__carn_PPO,POCA,0.666666700,7622.233400000,PPO,0.066666670,5364.933000000
veg_POCA__carn_PPO,POCA,0.633333300,7019.100000000,PPO,0.000000000,4372.133300000
veg_POCA__carn_PPO,POCA,0.466666669,5728.866700000,PPO,0.066666670,4714.067000000
veg_POCA__carn_PPO,POCA,0.300000000,5532.100000000,PPO,0.266666681,6428.400000000
veg_POCA__carn_PPO,POCA,0.666666700,7593.733400000,PPO,0.000000000,3829.133300000
veg_POCA__carn_PPO,POCA,0.666666700,7306.733400000,PPO,0.000000000,4455.933000000
veg_POCA__carn_PPO,POCA,0.600000000,7133.733400000,PPO,0.000000000,4271.533000000
veg_POCA__carn_PPO,POCA,0.500000000,6847.833500000,PPO,0.066666670,4664.666500000
veg_POCA__carn_PPO,POCA,0.666666700,7401.300000000,PPO,0.000000000,4244.200000000
veg_POCA__carn_PPO,POCA,0.566666663,6799.400000000,PPO,0.000000000,4861.400000000
veg_POCA__carn_PPO,POCA,0.433333337,5951.033000000,PPO,0.000000000,5461.666500000
veg_POCA__carn_PPO,POCA,0.633333300,7406.433000000,PPO,0.066666670,4866.800000000
veg_POCA__carn_PPO,POCA,0.500000000,6347.266600000,PPO,0.133333340,5569.533000000
veg_POCA__carn_PPO,POCA,0.500000000,6247.833500000,PPO,0.000000000,4866.266600000
veg_POCA__carn_PPO,POCA,0.533333361,6185.567000000,PPO,0.000000000,4077.866700000
veg_POCA__carn_PPO,POCA,0.700000000,8472.233000000,PPO,0.133333340,6012.133300000
veg_POCA__carn_PPO,POCA,0.533333361,6378.300000000,PPO,0.000000000,3535.400000000
veg_POCA__carn_PPO,POCA,0.566666663,6597.433000000,PPO,0.000000000,4858.067000000
veg_POCA__carn_PPO,POCA,0.466666669,5930.300000000,PPO,0.066666670,5173.333500000
veg_POCA__carn_PPO,POCA,0.633333300,7405.000000000,PPO,0.066666670,4139.666500000
veg_POCA__carn_PPO,POCA,0.566666663,7413.400000000,PPO,0.133333340,4970.533000000
veg_POCA__carn_PPO,POCA,0.433333337,5779.233400000,PPO,0.133333340,5298.200000000
veg_POCA__carn_PPO,POCA,0.266666681,5555.166500000,PPO,0.133333340,6372.067000000
veg_POCA__carn_PPO,POCA,0.433333337,5885.333500000,PPO,0.066666670,4566.133300000
veg_POCA__carn_PPO,POCA,0.366666675,5197.800000000,PPO,0.266666681,5858.933000000
veg_POCA__carn_PPO,POCA,0.733333349,7755.100000000,PPO,0.000000000,3791.933350000
veg_POCA__carn_PPO,POCA,0.666666700,7314.200000000,PPO,0.066666670,4273.866700000
veg_POCA__carn_PPO,POCA,0.700000000,7858.633300000,PPO,0.000000000,3954.466550000
veg_POCA__carn_PPO,POCA,0.633333300,7257.833500000,PPO,0.066666670,4894.266600000
veg_POCA__carn_PPO,POCA,0.600000000,7255.067000000,PPO,0.066666670,4421.533000000
veg_POCA__carn_PPO,POCA,0.700000000,7829.666500000,PPO,0.066666670,4772.133300000
veg_POCA__carn_PPO,POCA,0.566666663,6799.433000000,PPO,0.066666670,4024.400000000
veg_POCA__carn_PPO,POCA,0.533333361,7094.533000000,PPO,0.066666670,4721.866700000
veg_POCA__carn_PPO,POCA,0.533333361,6755.866700000,PPO,0.066666670,5064.933000000
veg_POCA__carn_PPO,POCA,0.600000000,6852.600000000,PPO,0.000000000,4856.933000000
veg_POCA__carn_PPO,POCA,0.600000000,7084.433000000,PPO,0.000000000,4496.067000000
veg_POCA__carn_PPO,POCA,0.566666663,6698.067000000,PPO,0.066666670,4767.800000000
veg_POCA__carn_PPO,POCA,0.766666651,8372.767000000,PPO,0.000000000,4068.733400000
veg_POCA__carn_PPO,POCA,0.633333300,7475.266600000,PPO,0.066666670,4827.933000000
veg_POCA__carn_PPO,POCA,0.733333349,8293.333000000,PPO,0.133333340,4569.333500000
veg_POCA__carn_PPO,POCA,0.500000000,6036.266600000,PPO,0.000000000,5281.600000000
veg_POCA__carn_PPO,POCA,0.433333337,6064.600000000,PPO,0.000000000,4543.933000000
veg_POCA__carn_PPO,POCA,0.433333337,6649.567000000,PPO,0.200000000,5846.733400000
veg_POCA__carn_PPO,POCA,0.366666675,5104.467000000,PPO,0.200000000,5531.533000000
veg_POCA__carn_PPO,POCA,0.733333349,8241.134000000,PPO,0.133333340,4325.600000000
veg_POCA__carn_PPO,POCA,0.733333349,7949.700000000,PPO,0.000000000,3736.066650000
veg_POCA__carn_PPO,POCA,0.700000000,7917.900000000,PPO,0.066666670,4431.266600000
veg_POCA__carn_PPO,POCA,0.600000000,7338.800000000,PPO,0.066666670,4613.400000000
veg_POCA__carn_PPO,POCA,0.433333337,5644.067000000,PPO,0.066666670,5265.333500000
veg_POCA__carn_PPO,POCA,0.566666663,7136.000000000,PPO,0.066666670,5493.467000000
veg_POCA__carn_PPO,POCA,0.733333349,8234.866000000,PPO,0.000000000,4547.067000000
veg_POCA__carn_PPO,POCA,0.566666663,7070.533000000,PPO,0.133333340,4781.400000000
veg_POCA__carn_PPO,POCA,0.566666663,6788.533000000,PPO,0.000000000,4022.266600000
veg_POCA__carn_PPO,POCA,0.633333300,7285.833500000,PPO,0.133333340,4787.600000000
veg_POCA__carn_PPO,POCA,0.566666663,6931.967000000,PPO,0.066666670,4334.067000000
veg_POCA__carn_PPO,POCA,0.433333337,5726.933000000,PPO,0.133333340,5662.933000000
veg_POCA__carn_PPO,POCA,0.766666651,8022.433000000,PPO,0.000000000,3713.400000000
veg_POCA__carn_PPO,POCA,0.533333361,6350.300000000,PPO,0.066666670,4028.066650000
veg_POCA__carn_PPO,POCA,0.566666663,6377.433000000,PPO,0.000000000,3699.866700000
veg_POCA__carn_PPO,POCA,0.766666651,8254.800000000,PPO,0.000000000,4889.933000000
veg_POCA__carn_PPO,POCA,0.600000000,6936.067000000,PPO,0.000000000,4611.800000000
veg_POCA__carn_PPO,POCA,0.700000000,7600.266600000,PPO,0.000000000,4164.733400000
veg_POCA__carn_PPO,POCA,0.666666700,7443.467000000,PPO,0.000000000,4146.600000000
veg_POCA__carn_PPO,POCA,0.633333300,7340.166500000,PPO,0.000000000,4537.800000000
veg_POCA__carn_PPO,POCA,0.333333343,5297.700000000,PPO,0.200000000,5468.067000000
veg_POCA__carn_PPO,POCA,0.600000000,6892.166500000,PPO,0.000000000,4227.333500000
veg_POCA__carn_PPO,POCA,0.600000000,6952.733400000,PPO,0.133333340,4970.000000000
veg_POCA__carn_PPO,POCA,0.733333349,7965.533000000,PPO,0.000000000,4326.067000000
veg_POCA__carn_PPO,POCA,0.633333300,7029.800000000,PPO,0.066666670,5349.600000000
veg_POCA__carn_PPO,POCA,0.500000000,6295.500000000,PPO,0.133333340,4736.733400000
veg_POCA__carn_PPO,POCA,0.466666669,6486.400000000,PPO,0.133333340,4706.467000000
veg_POCA__carn_PPO,POCA,0.633333300,7311.300000000,PPO,0.000000000,4012.866700000
veg_POCA__carn_PPO,POCA,0.633333300,7731.266600000,PPO,0.133333340,5512.067000000
veg_POCA__carn_PPO,POCA,0.566666663,6516.600000000,PPO,0.066666670,4862.400000000
veg_POCA__carn_PPO,POCA,0.400000000,5832.433000000,PPO,0.200000000,5964.800000000
veg_POCA__carn_PPO,POCA,0.500000000,6435.633300000,PPO,0.066666670,5042.200000000
veg_POCA__carn_PPO,POCA,0.433333337,6716.833500000,PPO,0.133333340,5379.933000000
veg_POCA__carn_PPO,POCA,0.700000000,7598.433000000,PPO,0.000000000,4328.133300000
veg_POCA__carn_PPO,POCA,0.866666700,8855.400000000,PPO,0.000000000,3184.866700000
veg_POCA__carn_PPO,POCA,0.600000000,7051.033000000,PPO,0.133333340,4326.733400000
veg_POCA__carn_SAC,POCA,0.900000000,9480.833000000,SAC,0.066666670,6250.266600000
veg_POCA__carn_SAC,POCA,0.800000000,9332.934000000,SAC,0.200000000,6052.000000000
veg_POCA__carn_SAC,POCA,0.900000000,9340.900000000,SAC,0.066666670,5824.533000000
veg_POCA__carn_SAC,POCA,0.733333349,8363.400000000,SAC,0.066666670,6300.200000000
veg_POCA__carn_SAC,POCA,0.866666700,9475.767000000,SAC,0.400000000,8210.866000000
veg_POCA__carn_SAC,POCA,0.800000000,8548.667000000,SAC,0.733333349,8782.866000000
veg_POCA__carn_SAC,POCA,0.833333300,8863.000000000,SAC,0.200000000,7736.333500000
veg_POCA__carn_SAC,POCA,0.766666651,8585.767000000,SAC,0.266666681,7394.866700000
veg_POCA__carn_SAC,POCA,0.866666700,8961.333000000,SAC,0.400000000,7373.800000000
veg_POCA__carn_SAC,POCA,0.933333337,9408.200000000,SAC,0.200000000,7508.800000000
veg_POCA__carn_SAC,POCA,0.800000000,8603.467000000,SAC,0.466666669,7965.133300000
veg_POCA__carn_SAC,POCA,0.966666639,9772.366000000,SAC,0.333333343,7881.467000000
veg_POCA__carn_SAC,POCA,0.933333337,9519.134000000,SAC,0.066666670,5214.400000000
veg_POCA__carn_SAC,POCA,0.866666700,9412.467000000,SAC,0.266666681,6897.533000000
veg_POCA__carn_SAC,POCA,0.833333300,9610.100000000,SAC,0.400000000,6911.067000000
veg_POCA__carn_SAC,POCA,0.933333337,9489.400000000,SAC,0.333333343,6687.866700000
veg_POCA__carn_SAC,POCA,0.900000000,9248.500000000,SAC,0.200000000,6947.666500000
veg_POCA__carn_SAC,POCA,0.900000000,9275.100000000,SAC,0.000000000,4136.666500000
veg_POCA__carn_SAC,POCA,0.933333337,9494.800000000,SAC,0.133333340,5152.400000000
veg_POCA__carn_SAC,POCA,0.966666639,9824.000000000,SAC,0.333333343,6549.533000000
veg_POCA__carn_SAC,POCA,0.866666700,9404.733000000,SAC,0.133333340,5624.400000000
veg_POCA__carn_SAC,POCA,0.766666651,7980.433000000,SAC,0.133333340,5316.400000000
veg_POCA__carn_SAC,POCA,0.666666700,7497.967000000,SAC,0.200000000,6377.266600000
veg_POCA__carn_SAC,POCA,0.800000000,8859.200000000,SAC,0.266666681,7206.133300000
veg_POCA__carn_SAC,POCA,0.866666700,9331.667000000,SAC,0.266666681,7261.333500000
veg_POCA__carn_SAC,POCA,0.900000000,9380.366000000,SAC,0.266666681,6506.666500000
veg_POCA__carn_SAC,POCA,0.900000000,9269.566000000,SAC,0.066666670,5547.400000000
veg_POCA__carn_SAC,POCA,0.733333349,8504.733000000,SAC,0.066666670,5572.933000000
veg_POCA__carn_SAC,POCA,0.933333337,9472.833000000,SAC,0.266666681,6329.467000000
veg_POCA__carn_SAC,POCA,0.900000000,9298.200000000,SAC,0.200000000,6563.266600000
veg_POCA__carn_SAC,POCA,0.866666700,8965.134000000,SAC,0.066666670,5211.200000000
veg_POCA__carn_SAC,POCA,0.866666700,9032.667000000,SAC,0.200000000,6768.467000000
veg_POCA__carn_SAC,POCA,0.866666700,9159.967000000,SAC,0.066666670,7005.666500000
veg_POCA__carn_SAC,POCA,0.866666700,9235.767000000,SAC,0.266666681,6448.200000000
veg_POCA__carn_SAC,POCA,0.900000000,9462.634000000,SAC,0.133333340,6133.666500000
veg_POCA__carn_SAC,POCA,0.866666700,8862.000000000,SAC,0.533333361,7682.933000000
veg_POCA__carn_SAC,POCA,0.866666700,9260.667000000,SAC,0.333333343,7839.000000000
veg_POCA__carn_SAC,POCA,0.933333337,9675.900000000,SAC,0.466666669,8269.200000000
veg_POCA__carn_SAC,POCA,0.833333300,9236.434000000,SAC,0.400000000,7324.333500000
veg_POCA__carn_SAC,POCA,0.933333337,9818.467000000,SAC,0.200000000,6814.733400000
veg_POCA__carn_SAC,POCA,0.866666700,9444.934000000,SAC,0.600000000,7755.133300000
veg_POCA__carn_SAC,POCA,0.866666700,9171.000000000,SAC,0.000000000,4720.200000000
veg_POCA__carn_SAC,POCA,0.900000000,9369.167000000,SAC,0.333333343,6343.067000000
veg_POCA__carn_SAC,POCA,0.700000000,8316.634000000,SAC,0.200000000,7193.733400000
veg_POCA__carn_SAC,POCA,0.933333337,9641.200000000,SAC,0.266666681,6439.467000000
veg_POCA__carn_SAC,POCA,0.800000000,9311.434000000,SAC,0.466666669,8363.600000000
veg_POCA__carn_SAC,POCA,0.933333337,9627.600000000,SAC,0.333333343,7248.400000000
veg_POCA__carn_SAC,POCA,0.866666700,8899.100000000,SAC,0.133333340,5720.000000000
veg_POCA__carn_SAC,POCA,0.766666651,8221.100000000,SAC,0.200000000,6844.266600000
veg_POCA__carn_SAC,POCA,0.800000000,8749.400000000,SAC,0.466666669,8044.133300000
veg_POCA__carn_SAC,POCA,0.833333300,9104.866000000,SAC,0.600000000,7839.333500000
veg_POCA__carn_SAC,POCA,0.833333300,8891.267000000,SAC,0.533333361,8102.133300000
veg_POCA__carn_SAC,POCA,0.866666700,9036.700000000,SAC,0.133333340,6025.333500000
veg_POCA__carn_SAC,POCA,0.833333300,8637.767000000,SAC,0.266666681,7368.533000000
veg_POCA__carn_SAC,POCA,0.800000000,9224.934000000,SAC,0.333333343,7905.733400000
veg_POCA__carn_SAC,POCA,0.900000000,9138.634000000,SAC,0.000000000,5137.600000000
veg_POCA__carn_SAC,POCA,0.900000000,9184.066000000,SAC,0.266666681,6860.000000000
veg_POCA__carn_SAC,POCA,0.900000000,9467.134000000,SAC,0.200000000,6603.333500000
veg_POCA__carn_SAC,POCA,0.900000000,9549.600000000,SAC,0.066666670,7090.133300000
veg_POCA__carn_SAC,POCA,0.900000000,9491.100000000,SAC,0.133333340,6455.266600000
veg_POCA__carn_SAC,POCA,0.833333300,9162.967000000,SAC,0.400000000,6775.333500000
veg_POCA__carn_SAC,POCA,0.900000000,9410.033000000,SAC,0.200000000,6296.000000000
veg_POCA__carn_SAC,POCA,0.866666700,9126.167000000,SAC,0.533333361,8718.600000000
veg_POCA__carn_SAC,POCA,0.766666651,8799.500000000,SAC,0.600000000,8749.267000000
veg_POCA__carn_SAC,POCA,0.933333337,9666.033000000,SAC,0.133333340,6548.400000000
veg_POCA__carn_SAC,POCA,0.733333349,8169.433000000,SAC,0.533333361,8485.934000000
veg_POCA__carn_SAC,POCA,0.866666700,9168.300000000,SAC,0.133333340,6204.666500000
veg_POCA__carn_SAC,POCA,0.866666700,9359.533000000,SAC,0.133333340,7084.467000000
veg_POCA__carn_SAC,POCA,0.866666700,9143.566000000,SAC,0.200000000,6426.200000000
veg_POCA__carn_SAC,POCA,0.800000000,8795.033000000,SAC,0.200000000,6654.933000000
veg_POCA__carn_SAC,POCA,0.966666639,9666.866000000,SAC,0.266666681,6650.533000000
veg_POCA__carn_SAC,POCA,0.900000000,9308.233000000,SAC,0.400000000,7390.733400000
veg_POCA__carn_SAC,POCA,0.933333337,9622.500000000,SAC,0.266666681,8606.000000000
veg_POCA__carn_SAC,POCA,0.833333300,9188.833000000,SAC,0.200000000,6150.866700000
veg_POCA__carn_SAC,POCA,0.866666700,9050.667000000,SAC,0.333333343,7245.800000000
veg_POCA__carn_SAC,POCA,0.966666639,9738.134000000,SAC,0.400000000,7678.000000000
veg_POCA__carn_SAC,POCA,0.900000000,9425.300000000,SAC,0.133333340,6580.000000000
veg_POCA__carn_SAC,POCA,0.866666700,8958.200000000,SAC,0.066666670,5960.800000000
veg_POCA__carn_SAC,POCA,0.800000000,8986.533000000,SAC,0.400000000,8163.666500000
veg_POCA__carn_SAC,POCA,0.833333300,8952.767000000,SAC,0.266666681,6893.067000000
veg_POCA__carn_SAC,POCA,0.833333300,9038.800000000,SAC,0.200000000,6304.333500000
veg_POCA__carn_SAC,POCA,0.733333349,8127.933000000,SAC,0.266666681,7015.400000000
veg_POCA__carn_SAC,POCA,0.833333300,8912.267000000,SAC,0.200000000,6735.733400000
veg_POCA__carn_SAC,POCA,0.733333349,7985.833500000,SAC,0.266666681,6889.666500000
veg_POCA__carn_SAC,POCA,0.933333337,9364.733000000,SAC,0.266666681,5924.866700000
veg_POCA__carn_SAC,POCA,0.866666700,9152.967000000,SAC,0.266666681,7214.533000000
veg_POCA__carn_SAC,POCA,0.900000000,9182.300000000,SAC,0.266666681,6831.333500000
veg_POCA__carn_SAC,POCA,0.966666639,9666.667000000,SAC,0.066666670,4955.333500000
veg_POCA__carn_SAC,POCA,0.800000000,8558.233000000,SAC,0.000000000,5450.467000000
veg_POCA__carn_SAC,POCA,0.900000000,9176.066000000,SAC,0.133333340,4942.600000000
veg_POCA__carn_SAC,POCA,0.800000000,8442.866000000,SAC,0.200000000,6689.133300000
veg_POCA__carn_SAC,POCA,0.833333300,8616.134000000,SAC,0.000000000,5076.866700000
veg_POCA__carn_SAC,POCA,0.966666639,9775.634000000,SAC,0.333333343,6733.933000000
veg_POCA__carn_SAC,POCA,0.900000000,9251.500000000,SAC,0.266666681,6609.333500000
veg_POCA__carn_SAC,POCA,0.700000000,7621.833500000,SAC,0.266666681,7014.800000000
veg_POCA__carn_SAC,POCA,0.966666639,9687.167000000,SAC,0.200000000,5993.866700000
veg_POCA__carn_SAC,POCA,0.866666700,9120.000000000,SAC,0.133333340,6096.866700000
veg_POCA__carn_SAC,POCA,0.933333337,9471.000000000,SAC,0.400000000,7253.067000000
veg_POCA__carn_SAC,POCA,0.933333337,9433.267000000,SAC,0.133333340,4546.933000000
veg_POCA__carn_SAC,POCA,0.866666700,8946.833000000,SAC,0.000000000,7300.666500000
veg_PPO__carn_POCA,PPO,0.833333300,9065.033000000,POCA,0.666666700,7972.067000000
veg_PPO__carn_POCA,PPO,0.666666700,8174.166500000,POCA,0.800000000,9083.200000000
veg_PPO__carn_POCA,PPO,0.766666651,8888.900000000,POCA,0.866666700,9800.134000000
veg_PPO__carn_POCA,PPO,0.833333300,9334.267000000,POCA,0.800000000,9236.533000000
veg_PPO__carn_POCA,PPO,0.933333337,9815.967000000,POCA,0.666666700,8761.134000000
veg_PPO__carn_POCA,PPO,0.833333300,9271.167000000,POCA,0.600000000,8309.000000000
veg_PPO__carn_POCA,PPO,0.833333300,9207.000000000,POCA,0.466666669,7512.067000000
veg_PPO__carn_POCA,PPO,0.966666639,9814.400000000,POCA,0.466666669,8145.600000000
veg_PPO__carn_POCA,PPO,0.833333300,8932.000000000,POCA,0.733333349,9450.467000000
veg_PPO__carn_POCA,PPO,0.900000000,9304.500000000,POCA,0.600000000,7806.000000000
veg_PPO__carn_POCA,PPO,0.833333300,9197.434000000,POCA,0.600000000,8668.934000000
veg_PPO__carn_POCA,PPO,0.800000000,8885.634000000,POCA,0.800000000,9450.800000000
veg_PPO__carn_POCA,PPO,0.666666700,8492.634000000,POCA,0.800000000,9185.467000000
veg_PPO__carn_POCA,PPO,0.833333300,8882.566000000,POCA,0.933333337,9526.934000000
veg_PPO__carn_POCA,PPO,0.800000000,8721.967000000,POCA,0.933333337,9544.733000000
veg_PPO__carn_POCA,PPO,0.733333349,8678.100000000,POCA,0.733333349,9469.134000000
veg_PPO__carn_POCA,PPO,0.833333300,9181.467000000,POCA,0.733333349,8941.333000000
veg_PPO__carn_POCA,PPO,0.800000000,8559.866000000,POCA,0.600000000,7702.800000000
veg_PPO__carn_POCA,PPO,0.866666700,9525.767000000,POCA,0.866666700,9697.400000000
veg_PPO__carn_POCA,PPO,0.833333300,8711.066000000,POCA,0.600000000,8266.066000000
veg_PPO__carn_POCA,PPO,0.800000000,8853.566000000,POCA,0.933333337,9592.600000000
veg_PPO__carn_POCA,PPO,0.766666651,8737.600000000,POCA,0.866666700,9967.200000000
veg_PPO__carn_POCA,PPO,0.766666651,8500.333000000,POCA,0.733333349,9074.800000000
veg_PPO__carn_POCA,PPO,0.900000000,9787.600000000,POCA,0.466666669,7096.266600000
veg_PPO__carn_POCA,PPO,0.800000000,8678.066000000,POCA,0.800000000,9126.467000000
veg_PPO__carn_POCA,PPO,0.866666700,9214.100000000,POCA,0.866666700,9381.600000000
veg_PPO__carn_POCA,PPO,0.800000000,9014.667000000,POCA,0.666666700,9356.066000000
veg_PPO__carn_POCA,PPO,0.866666700,9318.233000000,POCA,0.666666700,9057.200000000
veg_PPO__carn_POCA,PPO,0.833333300,8900.600000000,POCA,0.533333361,7802.800000000
veg_PPO__carn_POCA,PPO,0.800000000,9151.700000000,POCA,0.466666669,8455.333000000
veg_PPO__carn_POCA,PPO,0.700000000,7843.933000000,POCA,0.800000000,9002.667000000
veg_PPO__carn_POCA,PPO,0.700000000,8474.967000000,POCA,0.800000000,9227.934000000
veg_PPO__carn_POCA,PPO,0.933333337,9610.600000000,POCA,0.466666669,7346.266600000
veg_PPO__carn_POCA,PPO,0.833333300,8961.767000000,POCA,0.666666700,8976.600000000
veg_PPO__carn_POCA,PPO,0.666666700,8637.134000000,POCA,0.800000000,9726.000000000
veg_PPO__carn_POCA,PPO,0.866666700,9202.467000000,POCA,0.800000000,9550.533000000
veg_PPO__carn_POCA,PPO,0.866666700,9221.833000000,POCA,0.800000000,9172.000000000
veg_PPO__carn_POCA,PPO,0.800000000,8556.800000000,POCA,0.600000000,8453.066000000
veg_PPO__carn_POCA,PPO,0.700000000,8268.400000000,POCA,0.400000000,6962.933000000
veg_PPO__carn_POCA,PPO,0.933333337,9732.300000000,POCA,0.733333349,8683.267000000
veg_PPO__carn_POCA,PPO,0.800000000,8778.200000000,POCA,0.666666700,8929.134000000
veg_PPO__carn_POCA,PPO,0.800000000,8537.400000000,POCA,0.600000000,8342.934000000
veg_PPO__carn_POCA,PPO,0.766666651,8636.000000000,POCA,0.866666700,9505.667000000
veg_PPO__carn_POCA,PPO,0.866666700,9491.533000000,POCA,0.866666700,9900.866000000
veg_PPO__carn_POCA,PPO,0.866666700,9364.733000000,POCA,0.466666669,8722.800000000
veg_PPO__carn_POCA,PPO,0.833333300,9460.467000000,POCA,0.666666700,8364.000000000
veg_PPO__carn_POCA,PPO,0.866666700,9313.033000000,POCA,0.666666700,9016.533000000
veg_PPO__carn_POCA,PPO,0.833333300,9240.600000000,POCA,0.733333349,8871.400000000
veg_PPO__carn_POCA,PPO,0.766666651,8785.533000000,POCA,0.933333337,9981.800000000
veg_PPO__carn_POCA,PPO,0.733333349,8844.233000000,POCA,0.733333349,9066.533000000
veg_PPO__carn_POCA,PPO,0.766666651,8176.933000000,POCA,0.600000000,8877.733000000
veg_PPO__carn_POCA,PPO,0.933333337,9493.767000000,POCA,0.733333349,9000.134000000
veg_PPO__carn_POCA,PPO,0.800000000,9190.900000000,POCA,0.266666681,7503.333500000
veg_PPO__carn_POCA,PPO,0.933333337,9755.866000000,POCA,0.533333361,8268.667000000
veg_PPO__carn_POCA,PPO,0.733333349,8123.366700000,POCA,0.933333337,9890.667000000
veg_PPO__carn_POCA,PPO,0.833333300,9074.400000000,POCA,0.466666669,7451.666500000
veg_PPO__carn_POCA,PPO,0.833333300,9032.434000000,POCA,0.666666700,8754.000000000
veg_PPO__carn_POCA,PPO,0.700000000,7939.067000000,POCA,0.600000000,8599.533000000
veg_PPO__carn_POCA,PPO,0.800000000,8879.400000000,POCA,0.600000000,9528.600000000
veg_PPO__carn_POCA,PPO,0.833333300,8841.700000000,POCA,0.533333361,8197.733000000
veg_PPO__carn_POCA,PPO,0.866666700,9129.733000000,POCA,0.666666700,8883.800000000
veg_PPO__carn_POCA,PPO,0.966666639,9697.366000000,POCA,0.000000000,1985.400000000
veg_PPO__carn_POCA,PPO,0.800000000,8363.767000000,POCA,0.666666700,8711.800000000
veg_PPO__carn_POCA,PPO,0.833333300,8974.033000000,POCA,0.800000000,8741.134000000
veg_PPO__carn_POCA,PPO,0.866666700,9312.300000000,POCA,0.533333361,8454.533000000
veg_PPO__carn_POCA,PPO,0.933333337,9372.100000000,POCA,0.000000000,2009.866700000
veg_PPO__carn_POCA,PPO,0.833333300,9118.300000000,POCA,0.866666700,9611.400000000
veg_PPO__carn_POCA,PPO,0.766666651,8539.300000000,POCA,0.800000000,8903.934000000
veg_PPO__carn_POCA,PPO,0.933333337,9804.400000000,POCA,0.400000000,8552.533000000
veg_PPO__carn_POCA,PPO,0.933333337,9420.733000000,POCA,0.000000000,2123.866700000
veg_PPO__carn_POCA,PPO,0.766666651,9531.233000000,POCA,0.733333349,9056.200000000
veg_PPO__carn_POCA,PPO,0.800000000,8686.200000000,POCA,0.866666700,9348.733000000
veg_PPO__carn_POCA,PPO,0.833333300,8965.533000000,POCA,0.733333349,9408.733000000
veg_PPO__carn_POCA,PPO,1.000000000,10000.000000000,POCA,0.000000000,2077.466550000
veg_PPO__carn_POCA,PPO,0.800000000,8486.500000000,POCA,0.800000000,9630.467000000
veg_PPO__carn_POCA,PPO,0.900000000,9175.634000000,POCA,0.466666669,8372.333000000
veg_PPO__carn_POCA,PPO,0.766666651,8725.767000000,POCA,0.666666700,8721.733000000
veg_PPO__carn_POCA,PPO,0.966666639,9733.566000000,POCA,0.000000000,2054.333250000
veg_PPO__carn_POCA,PPO,0.933333337,9565.267000000,POCA,0.600000000,8261.533000000
veg_PPO__carn_POCA,PPO,0.900000000,9605.634000000,POCA,0.666666700,8828.333000000
veg_PPO__carn_POCA,PPO,0.800000000,8999.434000000,POCA,0.866666700,9579.333000000
veg_PPO__carn_POCA,PPO,1.000000000,10000.000000000,POCA,0.000000000,2169.333250000
veg_PPO__carn_POCA,PPO,0.800000000,8775.300000000,POCA,0.866666700,9893.733000000
veg_PPO__carn_POCA,PPO,0.766666651,8816.400000000,POCA,0.600000000,8748.600000000
veg_PPO__carn_POCA,PPO,0.933333337,9669.900000000,POCA,0.800000000,9248.066000000
veg_PPO__carn_POCA,PPO,0.966666639,9700.767000000,POCA,0.000000000,2150.200000000
veg_PPO__carn_POCA,PPO,0.833333300,9005.167000000,POCA,0.866666700,9730.467000000
veg_PPO__carn_POCA,PPO,0.666666700,8149.400000000,POCA,0.733333349,9014.200000000
veg_PPO__carn_POCA,PPO,0.800000000,8734.033000000,POCA,0.800000000,9665.066000000
veg_PPO__carn_POCA,PPO,0.866666700,8828.833000000,POCA,0.000000000,2441.733400000
veg_PPO__carn_POCA,PPO,0.833333300,9309.366000000,POCA,0.866666700,9087.467000000
veg_PPO__carn_POCA,PPO,0.833333300,8860.267000000,POCA,0.466666669,8681.866000000
veg_PPO__carn_POCA,PPO,0.666666700,8092.967000000,POCA,0.800000000,8839.200000000
veg_PPO__carn_POCA,PPO,0.900000000,9125.434000000,POCA,0.000000000,2661.400000000
veg_PPO__carn_POCA,PPO,0.833333300,8948.500000000,POCA,0.600000000,8496.066000000
veg_PPO__carn_POCA,PPO,0.866666700,9388.233000000,POCA,0.800000000,9658.267000000
veg_PPO__carn_POCA,PPO,0.700000000,8390.700000000,POCA,0.800000000,9155.733000000
veg_PPO__carn_POCA,PPO,0.933333337,9457.467000000,POCA,0.000000000,2381.666750000
veg_PPO__carn_POCA,PPO,0.733333349,8464.833000000,POCA,0.333333343,6960.733400000
veg_PPO__carn_POCA,PPO,0.900000000,9430.700000000,POCA,0.600000000,8014.333500000
veg_PPO__carn_PPO,PPO,0.766666651,8146.100000000,PPO,0.000000000,3878.133300000
veg_PPO__carn_PPO,PPO,0.466666669,6676.800000000,PPO,0.133333340,5548.400000000
veg_PPO__carn_PPO,PPO,0.400000000,5564.300000000,PPO,0.066666670,5756.933000000
veg_PPO__carn_PPO,PPO,0.733333349,8185.333500000,PPO,0.066666670,4704.600000000
veg_PPO__carn_PPO,PPO,0.466666669,6436.200000000,PPO,0.066666670,4400.533000000
veg_PPO__carn_PPO,PPO,0.566666663,6504.800000000,PPO,0.066666670,5019.800000000
veg_PPO__carn_PPO,PPO,0.733333349,7788.800000000,PPO,0.000000000,3912.000000000
veg_PPO__carn_PPO,PPO,0.600000000,7619.500000000,PPO,0.066666670,5371.200000000
veg_PPO__carn_PPO,PPO,0.566666663,6690.233400000,PPO,0.000000000,4981.266600000
veg_PPO__carn_PPO,PPO,0.333333343,5902.300000000,PPO,0.333333343,6951.533000000
veg_PPO__carn_PPO,PPO,0.533333361,6958.100000000,PPO,0.133333340,6065.133300000
veg_PPO__carn_PPO,PPO,0.666666700,7702.600000000,PPO,0.066666670,5402.133300000
veg_PPO__carn_PPO,PPO,0.333333343,5190.333500000,PPO,0.266666681,6209.400000000
veg_PPO__carn_PPO,PPO,0.433333337,5985.067000000,PPO,0.066666670,4701.866700000
veg_PPO__carn_PPO,PPO,0.566666663,7157.033000000,PPO,0.066666670,4242.533000000
veg_PPO__carn_PPO,PPO,0.566666663,6960.900000000,PPO,0.066666670,5037.067000000
veg_PPO__carn_PPO,PPO,0.233333334,5059.067000000,PPO,0.133333340,5943.266600000
veg_PPO__carn_PPO,PPO,0.400000000,5942.800000000,PPO,0.400000000,6803.600000000
veg_PPO__carn_PPO,PPO,0.600000000,7136.166500000,PPO,0.066666670,5478.200000000
veg_PPO__carn_PPO,PPO,0.366666675,5651.200000000,PPO,0.266666681,6934.866700000
veg_PPO__carn_PPO,PPO,0.666666700,7660.300000000,PPO,0.000000000,4562.866700000
veg_PPO__carn_PPO,PPO,0.600000000,6780.266600000,PPO,0.000000000,3759.666750000
veg_PPO__carn_PPO,PPO,0.566666663,7014.700000000,PPO,0.000000000,5121.467000000
veg_PPO__carn_PPO,PPO,0.366666675,5560.000000000,PPO,0.133333340,5342.333500000
veg_PPO__carn_PPO,PPO,0.433333337,5849.866700000,PPO,0.066666670,5208.733400000
veg_PPO__carn_PPO,PPO,0.533333361,6326.800000000,PPO,0.000000000,4793.600000000
veg_PPO__carn_PPO,PPO,0.300000000,5119.433000000,PPO,0.333333343,6495.133300000
veg_PPO__carn_PPO,PPO,0.633333300,7391.866700000,PPO,0.066666670,5887.200000000
veg_PPO__carn_PPO,PPO,0.633333300,7182.000000000,PPO,0.000000000,4728.266600000
veg_PPO__carn_PPO,PPO,0.500000000,6827.833500000,PPO,0.000000000,4378.933000000
veg_PPO__carn_PPO,PPO,0.433333337,6479.000000000,PPO,0.000000000,5342.067000000
veg_PPO__carn_PPO,PPO,0.533333361,6239.733400000,PPO,0.000000000,4829.733400000
veg_PPO__carn_PPO,PPO,0.533333361,6610.666500000,PPO,0.000000000,4278.133300000
veg_PPO__carn_PPO,PPO,0.633333300,7929.400000000,PPO,0.066666670,5590.866700000
veg_PPO__carn_PPO,PPO,0.666666700,7488.233400000,PPO,0.066666670,4984.133300000
veg_PPO__carn_PPO,PPO,0.466666669,6732.633300000,PPO,0.133333340,5313.933000000
veg_PPO__carn_PPO,PPO,0.500000000,6389.100000000,PPO,0.000000000,5147.800000000
veg_PPO__carn_PPO,PPO,0.466666669,6268.200000000,PPO,0.133333340,6458.266600000
veg_PPO__carn_PPO,PPO,0.233333334,5321.500000000,PPO,0.333333343,6986.866700000
veg_PPO__carn_PPO,PPO,0.633333300,7212.866700000,PPO,0.066666670,4042.200000000
veg_PPO__carn_PPO,PPO,0.666666700,7864.600000000,PPO,0.066666670,4986.067000000
veg_PPO__carn_PPO,PPO,0.333333343,4922.900000000,PPO,0.133333340,5937.467000000
veg_PPO__carn_PPO,PPO,0.466666669,6430.833500000,PPO,0.133333340,5396.866700000
veg_PPO__carn_PPO,PPO,0.633333300,7580.100000000,PPO,0.066666670,4283.133300000
veg_PPO__carn_PPO,PPO,0.500000000,7016.400000000,PPO,0.133333340,5697.866700000
veg_PPO__carn_PPO,PPO,0.266666681,5315.433000000,PPO,0.200000000,6101.067000000
veg_PPO__carn_PPO,PPO,0.533333361,7096.333500000,PPO,0.066666670,5270.133300000
veg_PPO__carn_PPO,PPO,0.300000000,5089.100000000,PPO,0.333333343,6245.000000000
veg_PPO__carn_PPO,PPO,0.466666669,5979.666500000,PPO,0.133333340,4979.000000000
veg_PPO__carn_PPO,PPO,0.533333361,6466.900000000,PPO,0.133333340,5549.933000000
veg_PPO__carn_PPO,PPO,0.433333337,5630.700000000,PPO,0.000000000,4308.733400000
veg_PPO__carn_PPO,PPO,0.700000000,7722.067000000,PPO,0.000000000,4411.333500000
veg_PPO__carn_PPO,PPO,0.333333343,4818.166500000,PPO,0.066666670,5619.067000000
veg_PPO__carn_PPO,PPO,0.400000000,5599.633300000,PPO,0.133333340,6117.067000000
veg_PPO__carn_PPO,PPO,0.433333337,6137.533000000,PPO,0.066666670,4109.400000000
veg_PPO__carn_PPO,PPO,0.666666700,7487.866700000,PPO,0.000000000,4313.333500000
veg_PPO__carn_PPO,PPO,0.633333300,7237.467000000,PPO,0.000000000,5039.800000000
veg_PPO__carn_PPO,PPO,0.566666663,7238.633300000,PPO,0.066666670,4883.133300000
veg_PPO__carn_PPO,PPO,0.433333337,5765.933000000,PPO,0.066666670,4662.333500000
veg_PPO__carn_PPO,PPO,0.433333337,5870.600000000,PPO,0.133333340,4823.666500000
veg_PPO__carn_PPO,PPO,0.433333337,6649.866700000,PPO,0.266666681,5841.600000000
veg_PPO__carn_PPO,PPO,0.466666669,6500.333500000,PPO,0.133333340,5452.666500000
veg_PPO__carn_PPO,PPO,0.366666675,5585.967000000,PPO,0.200000000,5137.133300000
veg_PPO__carn_PPO,PPO,0.233333334,5125.567000000,PPO,0.200000000,6624.933000000
veg_PPO__carn_PPO,PPO,0.333333343,5511.433000000,PPO,0.333333343,7117.266600000
veg_PPO__carn_PPO,PPO,0.266666681,4905.866700000,PPO,0.333333343,6586.600000000
veg_PPO__carn_PPO,PPO,0.466666669,6406.833500000,PPO,0.133333340,4639.866700000
veg_PPO__carn_PPO,PPO,0.500000000,6387.833500000,PPO,0.066666670,4119.533000000
veg_PPO__carn_PPO,PPO,0.466666669,6540.400000000,PPO,0.066666670,6386.467000000
veg_PPO__carn_PPO,PPO,0.766666651,8581.600000000,PPO,0.133333340,5264.800000000
veg_PPO__carn_PPO,PPO,0.600000000,7307.533000000,PPO,0.200000000,4906.333500000
veg_PPO__carn_PPO,PPO,0.566666663,7081.900000000,PPO,0.133333340,5607.666500000
veg_PPO__carn_PPO,PPO,0.700000000,7738.533000000,PPO,0.000000000,4875.800000000
veg_PPO__carn_PPO,PPO,0.533333361,6484.166500000,PPO,0.066666670,4872.933000000
veg_PPO__carn_PPO,PPO,0.300000000,4572.333500000,PPO,0.000000000,5353.266600000
veg_PPO__carn_PPO,PPO,0.700000000,8070.500000000,PPO,0.000000000,4604.133300000
veg_PPO__carn_PPO,PPO,0.500000000,6783.033000000,PPO,0.066666670,5010.600000000
veg_PPO__carn_PPO,PPO,0.733333349,8231.833000000,PPO,0.000000000,4841.133300000
veg_PPO__carn_PPO,PPO,0.566666663,7550.200000000,PPO,0.000000000,4866.333500000
veg_PPO__carn_PPO,PPO,0.366666675,6431.200000000,PPO,0.266666681,6229.666500000
veg_PPO__carn_PPO,PPO,0.366666675,5523.733400000,PPO,0.200000000,7656.533000000
veg_PPO__carn_PPO,PPO,0.500000000,6659.933000000,PPO,0.066666670,5140.533000000
veg_PPO__carn_PPO,PPO,0.566666663,6862.366700000,PPO,0.066666670,4473.666500000
veg_PPO__carn_PPO,PPO,0.400000000,6224.833500000,PPO,0.133333340,5317.467000000
veg_PPO__carn_PPO,PPO,0.500000000,6786.900000000,PPO,0.200000000,5768.600000000
veg_PPO__carn_PPO,PPO,0.433333337,6091.933000000,PPO,0.200000000,5513.067000000
veg_PPO__carn_PPO,PPO,0.466666669,6274.000000000,PPO,0.066666670,4525.467000000
veg_PPO__carn_PPO,PPO,0.300000000,5804.000000000,PPO,0.133333340,5558.467000000
veg_PPO__carn_PPO,PPO,0.433333337,5996.633300000,PPO,0.133333340,5167.800000000
veg_PPO__carn_PPO,PPO,0.566666663,6964.533000000,PPO,0.000000000,5133.800000000
veg_PPO__carn_PPO,PPO,0.500000000,6810.733400000,PPO,0.000000000,4153.600000000
veg_PPO__carn_PPO,PPO,0.433333337,6423.500000000,PPO,0.200000000,5623.333500000
veg_PPO__carn_PPO,PPO,0.533333361,6472.633300000,PPO,0.000000000,4198.533000000
veg_PPO__carn_PPO,PPO,0.600000000,7216.200000000,PPO,0.066666670,5285.933000000
veg_PPO__carn_PPO,PPO,0.466666669,5916.833500000,PPO,0.000000000,5687.533000000
veg_PPO__carn_PPO,PPO,0.666666700,7266.933000000,PPO,0.000000000,4474.400000000
veg_PPO__carn_PPO,PPO,0.466666669,6332.166500000,PPO,0.000000000,4695.866700000
veg_PPO__carn_PPO,PPO,0.466666669,5647.833500000,PPO,0.000000000,4727.266600000
veg_PPO__carn_PPO,PPO,0.466666669,5884.533000000,PPO,0.066666670,5122.666500000
veg_PPO__carn_PPO,PPO,0.500000000,6630.166500000,PPO,0.066666670,5123.467000000
veg_PPO__carn_SAC,PPO,0.933333337,9479.467000000,SAC,0.333333343,7046.333500000
veg_PPO__carn_SAC,PPO,1.000000000,10000.000000000,SAC,0.133333340,5440.000000000
veg_PPO__carn_SAC,PPO,0.933333337,9595.033000000,SAC,0.000000000,4354.467000000
veg_PPO__carn_SAC,PPO,0.933333337,9583.533000000,SAC,0.066666670,6102.800000000
veg_PPO__carn_SAC,PPO,0.966666639,9968.833000000,SAC,0.466666669,7740.200000000
veg_PPO__carn_SAC,PPO,1.000000000,10000.000000000,SAC,0.133333340,6382.000000000
veg_PPO__carn_SAC,PPO,0.866666700,9167.866000000,SAC,0.400000000,7803.067000000
veg_PPO__carn_SAC,PPO,0.800000000,8950.900000000,SAC,0.400000000,8217.934000000
veg_PPO__carn_SAC,PPO,1.000000000,10000.000000000,SAC,0.200000000,6412.666500000
veg_PPO__carn_SAC,PPO,0.966666639,9709.300000000,SAC,0.133333340,6838.800000000
veg_PPO__carn_SAC,PPO,0.833333300,8812.733000000,SAC,0.466666669,7684.400000000
veg_PPO__carn_SAC,PPO,0.833333300,8757.900000000,SAC,0.533333361,8572.667000000
veg_PPO__carn_SAC,PPO,0.966666639,9894.167000000,SAC,0.266666681,8862.934000000
veg_PPO__carn_SAC,PPO,0.966666639,9739.600000000,SAC,0.066666670,4913.666500000
veg_PPO__carn_SAC,PPO,0.866666700,9144.000000000,SAC,0.466666669,8196.333000000
veg_PPO__carn_SAC,PPO,0.966666639,9696.700000000,SAC,0.133333340,6205.200000000
veg_PPO__carn_SAC,PPO,0.966666639,9790.833000000,SAC,0.200000000,6632.067000000
veg_PPO__carn_SAC,PPO,0.900000000,9256.533000000,SAC,0.133333340,6243.467000000
veg_PPO__carn_SAC,PPO,0.966666639,9683.267000000,SAC,0.000000000,5345.266600000
veg_PPO__carn_SAC,PPO,0.866666700,9195.733000000,SAC,0.133333340,5016.533000000
veg_PPO__carn_SAC,PPO,0.900000000,9245.767000000,SAC,0.133333340,5551.266600000
veg_PPO__carn_SAC,PPO,0.933333337,9573.100000000,SAC,0.000000000,6876.933000000
veg_PPO__carn_SAC,PPO,0.866666700,8772.900000000,SAC,0.200000000,7541.800000000
veg_PPO__carn_SAC,PPO,0.900000000,9291.767000000,SAC,0.066666670,5650.400000000
veg_PPO__carn_SAC,PPO,0.900000000,9496.467000000,SAC,0.400000000,7863.866700000
veg_PPO__carn_SAC,PPO,0.900000000,9455.366000000,SAC,0.133333340,5563.533000000
veg_PPO__carn_SAC,PPO,0.933333337,9591.866000000,SAC,0.066666670,5236.333500000
veg_PPO__carn_SAC,PPO,0.933333337,9423.033000000,SAC,0.266666681,7691.067000000
veg_PPO__carn_SAC,PPO,0.900000000,9230.900000000,SAC,0.133333340,6672.800000000
veg_PPO__carn_SAC,PPO,0.866666700,9036.134000000,SAC,0.200000000,7105.200000000
veg_PPO__carn_SAC,PPO,0.900000000,9678.333000000,SAC,0.400000000,7341.133300000
veg_PPO__carn_SAC,PPO,0.933333337,9506.900000000,SAC,0.266666681,5958.533000000
veg_PPO__carn_SAC,PPO,0.833333300,8690.600000000,SAC,0.200000000,5831.666500000
veg_PPO__carn_SAC,PPO,0.833333300,9178.434000000,SAC,0.533333361,8374.267000000
veg_PPO__carn_SAC,PPO,0.933333337,9574.033000000,SAC,0.133333340,7114.866700000
veg_PPO__carn_SAC,PPO,0.900000000,9188.700000000,SAC,0.266666681,5815.467000000
veg_PPO__carn_SAC,PPO,0.800000000,8499.967000000,SAC,0.133333340,7723.933000000
veg_PPO__carn_SAC,PPO,0.966666639,9862.300000000,SAC,0.266666681,7131.000000000
veg_PPO__carn_SAC,PPO,0.933333337,9458.533000000,SAC,0.200000000,6178.733400000
veg_PPO__carn_SAC,PPO,0.800000000,9023.300000000,SAC,0.133333340,8252.533000000
veg_PPO__carn_SAC,PPO,0.933333337,9915.033000000,SAC,0.533333361,8089.933000000
veg_PPO__carn_SAC,PPO,0.966666639,9666.667000000,SAC,0.266666681,6229.067000000
veg_PPO__carn_SAC,PPO,0.833333300,8927.434000000,SAC,0.333333343,7555.467000000
veg_PPO__carn_SAC,PPO,0.933333337,9638.934000000,SAC,0.266666681,6759.067000000
veg_PPO__carn_SAC,PPO,0.833333300,8982.566000000,SAC,0.133333340,7229.133300000
veg_PPO__carn_SAC,PPO,0.933333337,9624.366000000,SAC,0.200000000,5850.866700000
veg_PPO__carn_SAC,PPO,0.900000000,9148.600000000,SAC,0.200000000,7336.133300000
veg_PPO__carn_SAC,PPO,0.933333337,9592.100000000,SAC,0.266666681,6940.800000000
veg_PPO__carn_SAC,PPO,0.866666700,9277.866000000,SAC,0.400000000,7612.000000000
veg_PPO__carn_SAC,PPO,0.966666639,9702.833000000,SAC,0.066666670,5566.000000000
veg_PPO__carn_SAC,PPO,0.900000000,9236.366000000,SAC,0.400000000,7678.133300000
veg_PPO__carn_SAC,PPO,0.900000000,9317.033000000,SAC,0.200000000,7074.933000000
veg_PPO__carn_SAC,PPO,1.000000000,10000.000000000,SAC,0.266666681,6912.266600000
veg_PPO__carn_SAC,PPO,0.933333337,9529.967000000,SAC,0.200000000,5888.200000000
veg_PPO__carn_SAC,PPO,0.866666700,9152.600000000,SAC,0.066666670,6611.133300000
veg_PPO__carn_SAC,PPO,0.966666639,9741.333000000,SAC,0.066666670,5535.400000000
veg_PPO__carn_SAC,PPO,1.000000000,10000.000000000,SAC,0.466666669,7638.400000000
veg_PPO__carn_SAC,PPO,0.933333337,9540.267000000,SAC,0.266666681,6164.333500000
veg_PPO__carn_SAC,PPO,0.900000000,9301.434000000,SAC,0.200000000,6935.200000000
veg_PPO__carn_SAC,PPO,0.933333337,9665.467000000,SAC,0.133333340,6886.600000000
veg_PPO__carn_SAC,PPO,0.900000000,9350.934000000,SAC,0.133333340,7147.400000000
veg_PPO__carn_SAC,PPO,0.866666700,9078.767000000,SAC,0.466666669,7274.866700000
veg_PPO__carn_SAC,PPO,0.966666639,9691.300000000,SAC,0.200000000,7492.533000000
veg_PPO__carn_SAC,PPO,0.966666639,9690.700000000,SAC,0.200000000,6248.067000000
veg_PPO__carn_SAC,PPO,0.933333337,9641.233000000,SAC,0.266666681,6386.533000000
veg_PPO__carn_SAC,PPO,0.866666700,9167.634000000,SAC,0.266666681,6711.000000000
veg_PPO__carn_SAC,PPO,0.900000000,9652.366000000,SAC,0.400000000,6844.000000000
veg_PPO__carn_SAC,PPO,1.000000000,10000.000000000,SAC,0.200000000,5435.133300000
veg_PPO__carn_SAC,PPO,0.933333337,9718.900000000,SAC,0.200000000,7796.600000000
veg_PPO__carn_SAC,PPO,0.900000000,9350.634000000,SAC,0.133333340,5816.333500000
veg_PPO__carn_SAC,PPO,0.966666639,9779.866000000,SAC,0.133333340,5998.467000000
veg_PPO__carn_SAC,PPO,1.000000000,10000.000000000,SAC,0.266666681,7816.133300000
veg_PPO__carn_SAC,PPO,1.000000000,10000.000000000,SAC,0.200000000,6769.933000000
veg_PPO__carn_SAC,PPO,1.000000000,10000.000000000,SAC,0.133333340,5301.600000000
veg_PPO__carn_SAC,PPO,0.966666639,9777.667000000,SAC,0.266666681,7102.266600000
veg_PPO__carn_SAC,PPO,0.900000000,9277.134000000,SAC,0.133333340,5575.933000000
veg_PPO__carn_SAC,PPO,0.933333337,9698.333000000,SAC,0.400000000,7513.266600000
veg_PPO__carn_SAC,PPO,0.900000000,9639.267000000,SAC,0.400000000,8096.600000000
veg_PPO__carn_SAC,PPO,0.933333337,9657.767000000,SAC,0.266666681,6270.266600000
veg_PPO__carn_SAC,PPO,0.866666700,8877.400000000,SAC,0.200000000,6823.866700000
veg_PPO__carn_SAC,PPO,0.933333337,9730.566000000,SAC,0.333333343,7708.600000000
veg_PPO__carn_SAC,PPO,0.933333337,9539.267000000,SAC,0.066666670,5893.067000000
veg_PPO__carn_SAC,PPO,0.966666639,9742.900000000,SAC,0.666666700,8513.733000000
veg_PPO__carn_SAC,PPO,1.000000000,10000.000000000,SAC,0.200000000,6445.067000000
veg_PPO__carn_SAC,PPO,0.933333337,9517.967000000,SAC,0.200000000,7042.067000000
veg_PPO__carn_SAC,PPO,0.933333337,9571.467000000,SAC,0.066666670,5098.400000000
veg_PPO__carn_SAC,PPO,1.000000000,10000.000000000,SAC,0.066666670,5159.600000000
veg_PPO__carn_SAC,PPO,0.933333337,9679.400000000,SAC,0.133333340,6308.467000000
veg_PPO__carn_SAC,PPO,0.866666700,8858.667000000,SAC,0.133333340,5100.333500000
veg_PPO__carn_SAC,PPO,0.866666700,9347.200000000,SAC,0.466666669,7729.933000000
veg_PPO__carn_SAC,PPO,0.933333337,9551.967000000,SAC,0.266666681,7175.600000000
veg_PPO__carn_SAC,PPO,0.966666639,9801.600000000,SAC,0.266666681,5751.866700000
veg_PPO__carn_SAC,PPO,1.000000000,10000.000000000,SAC,0.266666681,7820.800000000
veg_PPO__carn_SAC,PPO,0.866666700,9083.134000000,SAC,0.200000000,7285.200000000
veg_PPO__carn_SAC,PPO,0.966666639,9752.400000000,SAC,0.200000000,7115.400000000
veg_PPO__carn_SAC,PPO,0.900000000,9168.967000000,SAC,0.066666670,5400.400000000
veg_PPO__carn_SAC,PPO,0.966666639,9907.500000000,SAC,0.066666670,5442.333500000
veg_PPO__carn_SAC,PPO,0.933333337,9661.533000000,SAC,0.266666681,6078.600000000
veg_PPO__carn_SAC,PPO,0.966666639,9885.833000000,SAC,0.133333340,6920.666500000
veg_PPO__carn_SAC,PPO,0.900000000,9441.000000000,SAC,0.066666670,5825.067000000
veg_SAC__carn_POCA,SAC,0.566666663,7763.700000000,POCA,0.666666700,8753.667000000
veg_SAC__carn_POCA,SAC,0.533333361,7469.300000000,POCA,1.000000000,10000.000000000
veg_SAC__carn_POCA,SAC,0.633333300,7346.300000000,POCA,0.600000000,8702.733000000
veg_SAC__carn_POCA,SAC,0.666666700,8762.333000000,POCA,0.666666700,8766.467000000
veg_SAC__carn_POCA,SAC,0.433333337,7091.300000000,POCA,0.800000000,9609.200000000
veg_SAC__carn_POCA,SAC,0.400000000,6039.333500000,POCA,0.733333349,8615.333000000
veg_SAC__carn_POCA,SAC,0.533333361,7314.900000000,POCA,0.866666700,9307.333000000
veg_SAC__carn_POCA,SAC,0.566666663,7353.900000000,POCA,0.400000000,7468.200000000
veg_SAC__carn_POCA,SAC,0.566666663,7668.033000000,POCA,0.600000000,8107.800000000
veg_SAC__carn_POCA,SAC,0.533333361,7031.133300000,POCA,0.666666700,8704.134000000
veg_SAC__carn_POCA,SAC,0.600000000,7269.266600000,POCA,0.533333361,8630.600000000
veg_SAC__carn_POCA,SAC,0.600000000,7840.900000000,POCA,0.866666700,9563.733000000
veg_SAC__carn_POCA,SAC,0.633333300,8127.033000000,POCA,0.733333349,8673.467000000
veg_SAC__carn_POCA,SAC,0.600000000,7823.166500000,POCA,0.333333343,7600.800000000
veg_SAC__carn_POCA,SAC,0.633333300,8624.967000000,POCA,0.733333349,9115.333000000
veg_SAC__carn_POCA,SAC,0.566666663,7660.700000000,POCA,0.800000000,8574.400000000
veg_SAC__carn_POCA,SAC,0.566666663,7782.400000000,POCA,0.666666700,8954.800000000
veg_SAC__carn_POCA,SAC,0.600000000,8041.433000000,POCA,0.600000000,9035.200000000
veg_SAC__carn_POCA,SAC,0.500000000,7355.567000000,POCA,0.866666700,9908.467000000
veg_SAC__carn_POCA,SAC,0.500000000,7340.000000000,POCA,0.666666700,8486.733000000
veg_SAC__carn_POCA,SAC,0.566666663,8036.067000000,POCA,0.800000000,9365.934000000
veg_SAC__carn_POCA,SAC,0.500000000,7940.600000000,POCA,0.800000000,9255.934000000
veg_SAC__carn_POCA,SAC,0.466666669,7489.633300000,POCA,0.933333337,9723.400000000
veg_SAC__carn_POCA,SAC,0.533333361,7851.266600000,POCA,0.800000000,9306.467000000
veg_SAC__carn_POCA,SAC,0.466666669,7304.800000000,POCA,0.533333361,8415.733000000
veg_SAC__carn_POCA,SAC,0.600000000,7898.567000000,POCA,0.666666700,8102.133300000
veg_SAC__carn_POCA,SAC,0.500000000,7373.666500000,POCA,0.866666700,9369.134000000
veg_SAC__carn_POCA,SAC,0.400000000,6748.933000000,POCA,0.600000000,8601.667000000
veg_SAC__carn_POCA,SAC,0.633333300,7979.366700000,POCA,0.800000000,9554.134000000
veg_SAC__carn_POCA,SAC,0.466666669,6935.266600000,POCA,0.666666700,9020.066000000
veg_SAC__carn_POCA,SAC,0.566666663,7098.533000000,POCA,0.266666681,5752.467000000
veg_SAC__carn_POCA,SAC,0.500000000,6871.733400000,POCA,0.866666700,9665.200000000
veg_SAC__carn_POCA,SAC,0.533333361,7813.833500000,POCA,0.533333361,8334.800000000
veg_SAC__carn_POCA,SAC,0.500000000,7122.733400000,POCA,0.866666700,9291.134000000
veg_SAC__carn_POCA,SAC,0.600000000,8117.033000000,POCA,0.800000000,9104.600000000
veg_SAC__carn_POCA,SAC,0.466666669,6551.833500000,POCA,0.400000000,7885.533000000
veg_SAC__carn_POCA,SAC,0.466666669,6510.866700000,POCA,0.666666700,8653.333000000
veg_SAC__carn_POCA,SAC,0.533333361,7724.100000000,POCA,0.933333337,9702.467000000
veg_SAC__carn_POCA,SAC,0.466666669,6214.433000000,POCA,0.800000000,9564.134000000
veg_SAC__carn_POCA,SAC,0.533333361,8224.333000000,POCA,0.933333337,9765.866000000
veg_SAC__carn_POCA,SAC,0.566666663,8166.467000000,POCA,0.733333349,9143.866000000
veg_SAC__carn_POCA,SAC,0.566666663,6953.967000000,POCA,0.600000000,8304.200000000
veg_SAC__carn_POCA,SAC,0.466666669,6320.666500000,POCA,0.600000000,8036.933000000
veg_SAC__carn_POCA,SAC,0.566666663,7616.933000000,POCA,0.733333349,8864.667000000
veg_SAC__carn_POCA,SAC,0.566666663,8087.900000000,POCA,0.600000000,8569.733000000
veg_SAC__carn_POCA,SAC,0.600000000,7866.900000000,POCA,0.600000000,8429.467000000
veg_SAC__carn_POCA,SAC,0.466666669,6831.433000000,POCA,0.733333349,9085.134000000
veg_SAC__carn_POCA,SAC,0.500000000,6891.567000000,POCA,0.866666700,9512.866000000
veg_SAC__carn_POCA,SAC,0.600000000,7897.600000000,POCA,0.800000000,9548.134000000
veg_SAC__carn_POCA,SAC,0.500000000,6922.800000000,POCA,0.533333361,7824.400000000
veg_SAC__carn_POCA,SAC,0.533333361,7916.233400000,POCA,0.800000000,9252.066000000
veg_SAC__carn_POCA,SAC,0.366666675,7333.967000000,POCA,0.600000000,8689.600000000
veg_SAC__carn_POCA,SAC,0.566666663,7333.866700000,POCA,0.533333361,8492.400000000
veg_SAC__carn_POCA,SAC,0.400000000,6827.067000000,POCA,0.600000000,8846.000000000
veg_SAC__carn_POCA,SAC,0.433333337,7034.733400000,POCA,0.933333337,9676.066000000
veg_SAC__carn_POCA,SAC,0.466666669,6842.833500000,POCA,0.666666700,8506.866000000
veg_SAC__carn_POCA,SAC,0.466666669,6945.166500000,POCA,0.333333343,7909.933000000
veg_SAC__carn_POCA,SAC,0.466666669,7505.200000000,POCA,0.666666700,8713.800000000
veg_SAC__carn_POCA,SAC,0.500000000,7454.567000000,POCA,0.733333349,9390.934000000
veg_SAC__carn_POCA,SAC,0.500000000,7323.833500000,POCA,0.666666700,9184.667000000
veg_SAC__carn_POCA,SAC,0.400000000,6483.067000000,POCA,0.866666700,9219.467000000
veg_SAC__carn_POCA,SAC,0.566666663,7394.166500000,POCA,0.733333349,9183.866000000
veg_SAC__carn_POCA,SAC,0.533333361,7186.366700000,POCA,0.400000000,7950.200000000
veg_SAC__carn_POCA,SAC,0.533333361,8120.533000000,POCA,0.800000000,9117.600000000
veg_SAC__carn_POCA,SAC,0.433333337,6413.033000000,POCA,0.533333361,8815.934000000
veg_SAC__carn_POCA,SAC,0.666666700,8066.033000000,POCA,0.666666700,8576.866000000
veg_SAC__carn_POCA,SAC,0.466666669,7079.500000000,POCA,0.800000000,9208.467000000
veg_SAC__carn_POCA,SAC,0.600000000,7639.400000000,POCA,0.666666700,9233.333000000
veg_SAC__carn_POCA,SAC,0.600000000,8049.033000000,POCA,0.733333349,8645.800000000
veg_SAC__carn_POCA,SAC,0.600000000,7282.133300000,POCA,0.666666700,8580.866000000
veg_SAC__carn_POCA,SAC,0.333333343,6332.933000000,POCA,0.733333349,8807.533000000
veg_SAC__carn_POCA,SAC,0.533333361,6857.467000000,POCA,0.400000000,7824.200000000
veg_SAC__carn_POCA,SAC,0.533333361,7026.567000000,POCA,0.400000000,8081.133300000
veg_SAC__carn_POCA,SAC,0.400000000,6517.533000000,POCA,0.800000000,9404.333000000
veg_SAC__carn_POCA,SAC,0.500000000,7297.766600000,POCA,0.866666700,9525.800000000
veg_SAC__carn_POCA,SAC,0.533333361,7409.666500000,POCA,0.733333349,9230.800000000
veg_SAC__carn_POCA,SAC,0.333333343,7211.100000000,POCA,0.666666700,8960.200000000
veg_SAC__carn_POCA,SAC,0.566666663,7216.600000000,POCA,0.600000000,7930.533000000
veg_SAC__carn_POCA,SAC,0.633333300,7951.333500000,POCA,0.733333349,9209.200000000
veg_SAC__carn_POCA,SAC,0.433333337,7117.000000000,POCA,0.800000000,9312.866000000
veg_SAC__carn_POCA,SAC,0.633333300,8354.400000000,POCA,0.866666700,9778.934000000
veg_SAC__carn_POCA,SAC,0.433333337,7163.866700000,POCA,1.000000000,10000.000000000
veg_SAC__carn_POCA,SAC,0.533333361,7052.100000000,POCA,0.466666669,7981.400000000
veg_SAC__carn_POCA,SAC,0.500000000,7083.800000000,POCA,0.466666669,6949.866700000
veg_SAC__carn_POCA,SAC,0.666666700,8276.533000000,POCA,0.866666700,9656.467000000
veg_SAC__carn_POCA,SAC,0.566666663,7795.233400000,POCA,0.800000000,9324.066000000
veg_SAC__carn_POCA,SAC,0.500000000,7191.833500000,POCA,0.800000000,9608.667000000
veg_SAC__carn_POCA,SAC,0.566666663,7926.500000000,POCA,0.666666700,8971.733000000
veg_SAC__carn_POCA,SAC,0.633333300,8508.000000000,POCA,0.800000000,9496.934000000
veg_SAC__carn_POCA,SAC,0.400000000,6612.900000000,POCA,0.733333349,9071.200000000
veg_SAC__carn_POCA,SAC,0.600000000,7689.400000000,POCA,0.866666700,9589.333000000
veg_SAC__carn_POCA,SAC,0.466666669,7828.200000000,POCA,0.800000000,9066.934000000
veg_SAC__carn_POCA,SAC,0.600000000,7857.567000000,POCA,0.933333337,9907.600000000
veg_SAC__carn_POCA,SAC,0.600000000,7546.866700000,POCA,0.533333361,8375.934000000
veg_SAC__carn_POCA,SAC,0.700000000,8527.667000000,POCA,0.666666700,8829.467000000
veg_SAC__carn_POCA,SAC,0.633333300,7632.200000000,POCA,0.600000000,7799.400000000
veg_SAC__carn_POCA,SAC,0.600000000,7530.866700000,POCA,0.533333361,8040.800000000
veg_SAC__carn_POCA,SAC,0.600000000,8142.366700000,POCA,0.866666700,9423.533000000
veg_SAC__carn_POCA,SAC,0.300000000,6040.933000000,POCA,0.733333349,8802.600000000
veg_SAC__carn_POCA,SAC,0.466666669,7205.200000000,POCA,0.466666669,8146.067000000
veg_SAC__carn_PPO,SAC,0.000000000,2076.733400000,PPO,0.800000000,8954.467000000
veg_SAC__carn_PPO,SAC,0.000000000,2250.600000000,PPO,0.733333349,8908.134000000
veg_SAC__carn_PPO,SAC,0.000000000,1904.300000000,PPO,1.000000000,10000.000000000
veg_SAC__carn_PPO,SAC,0.000000000,1779.500000000,PPO,0.600000000,8699.333000000
veg_SAC__carn_PPO,SAC,0.000000000,1606.866700000,PPO,0.933333337,9605.934000000
veg_SAC__carn_PPO,SAC,0.000000000,2413.266600000,PPO,0.666666700,9855.733000000
veg_SAC__carn_PPO,SAC,0.000000000,1959.066650000,PPO,0.866666700,9210.733000000
veg_SAC__carn_PPO,SAC,0.000000000,2071.000000000,PPO,0.933333337,9786.333000000
veg_SAC__carn_PPO,SAC,0.000000000,2349.133300000,PPO,0.800000000,9283.533000000
veg_SAC__carn_PPO,SAC,0.000000000,2138.800000000,PPO,0.733333349,8836.400000000
veg_SAC__carn_PPO,SAC,0.033333335,2032.266720000,PPO,0.400000000,7418.400000000
veg_SAC__carn_PPO,SAC,0.000000000,2287.066650000,PPO,0.800000000,9075.267000000
veg_SAC__carn_PPO,SAC,0.000000000,2208.633300000,PPO,0.666666700,8323.134000000
veg_SAC__carn_PPO,SAC,0.000000000,1996.533330000,PPO,0.933333337,9930.533000000
veg_SAC__carn_PPO,SAC,0.000000000,2715.966550000,PPO,0.400000000,7712.800000000
veg_SAC__carn_PPO,SAC,0.000000000,2004.933350000,PPO,0.800000000,9278.733000000
veg_SAC__carn_PPO,SAC,0.000000000,1758.000000000,PPO,0.533333361,8043.266600000
veg_SAC__carn_PPO,SAC,0.000000000,2129.933350000,PPO,0.733333349,9561.200000000
veg_SAC__carn_PPO,SAC,0.000000000,1936.900000000,PPO,0.666666700,8520.934000000
veg_SAC__carn_PPO,SAC,0.000000000,2007.066650000,PPO,0.600000000,8349.600000000
veg_SAC__carn_PPO,SAC,0.000000000,2209.466550000,PPO,0.733333349,9162.000000000
veg_SAC__carn_PPO,SAC,0.033333335,2832.233400000,PPO,0.333333343,6282.600000000
veg_SAC__carn_PPO,SAC,0.000000000,2237.700000000,PPO,0.800000000,9480.667000000
veg_SAC__carn_PPO,SAC,0.000000000,1679.033330000,PPO,0.933333337,9746.600000000
veg_SAC__carn_PPO,SAC,0.000000000,1585.800000000,PPO,1.000000000,10000.000000000
veg_SAC__carn_PPO,SAC,0.000000000,2064.133300000,PPO,0.733333349,8546.800000000
veg_SAC__carn_PPO,SAC,0.033333335,2192.066650000,PPO,0.800000000,9137.600000000
veg_SAC__carn_PPO,SAC,0.033333335,2198.800000000,PPO,0.600000000,8257.733000000
veg_SAC__carn_PPO,SAC,0.000000000,2528.633300000,PPO,0.600000000,8653.400000000
veg_SAC__carn_PPO,SAC,0.000000000,1858.933350000,PPO,0.800000000,9419.800000000
veg_SAC__carn_PPO,SAC,0.033333335,2012.166630000,PPO,0.866666700,9291.866000000
veg_SAC__carn_PPO,SAC,0.000000000,1867.733280000,PPO,0.933333337,9784.667000000
veg_SAC__carn_PPO,SAC,0.000000000,2386.133300000,PPO,0.533333361,7520.666500000
veg_SAC__carn_PPO,SAC,0.000000000,1974.200000000,PPO,0.733333349,8405.200000000
veg_SAC__carn_PPO,SAC,0.000000000,1941.433350000,PPO,0.800000000,9217.000000000
veg_SAC__carn_PPO,SAC,0.000000000,2333.133300000,PPO,0.733333349,8640.200000000
veg_SAC__carn_PPO,SAC,0.033333335,2152.066650000,PPO,0.933333337,9998.134000000
veg_SAC__carn_PPO,SAC,0.000000000,1489.833370000,PPO,0.666666700,9410.400000000
veg_SAC__carn_PPO,SAC,0.000000000,1681.966670000,PPO,0.333333343,7256.866700000
veg_SAC__carn_PPO,SAC,0.000000000,1939.333370000,PPO,0.933333337,9683.600000000
veg_SAC__carn_PPO,SAC,0.000000000,2145.533450000,PPO,0.933333337,9912.467000000
veg_SAC__carn_PPO,SAC,0.000000000,2257.866700000,PPO,0.600000000,8040.133300000
veg_SAC__carn_PPO,SAC,0.000000000,2528.166750000,PPO,0.466666669,7056.067000000
veg_SAC__carn_PPO,SAC,0.000000000,2195.000000000,PPO,0.933333337,9493.267000000
veg_SAC__carn_PPO,SAC,0.000000000,1334.033330000,PPO,0.800000000,9099.267000000
veg_SAC__carn_PPO,SAC,0.000000000,1787.000000000,PPO,0.333333343,6851.933000000
veg_SAC__carn_PPO,SAC,0.000000000,1081.866700000,PPO,0.600000000,8528.400000000
veg_SAC__carn_PPO,SAC,0.000000000,1761.266720000,PPO,0.600000000,8000.866700000
veg_SAC__carn_PPO,SAC,0.000000000,1718.366700000,PPO,0.866666700,9780.533000000
veg_SAC__carn_PPO,SAC,0.000000000,2424.900000000,PPO,0.400000000,7631.467000000
veg_SAC__carn_PPO,SAC,0.000000000,2277.900000000,PPO,0.933333337,9682.267000000
veg_SAC__carn_PPO,SAC,0.000000000,1754.033330000,PPO,0.866666700,9135.333000000
veg_SAC__carn_PPO,SAC,0.000000000,2347.233400000,PPO,0.800000000,8845.800000000
veg_SAC__carn_PPO,SAC,0.000000000,2161.600000000,PPO,0.800000000,8784.200000000
veg_SAC__carn_PPO,SAC,0.000000000,1798.266720000,PPO,0.933333337,9953.934000000
veg_SAC__carn_PPO,SAC,0.000000000,1970.133300000,PPO,0.733333349,8616.800000000
veg_SAC__carn_PPO,SAC,0.000000000,1916.533330000,PPO,0.933333337,9924.267000000
veg_SAC__carn_PPO,SAC,0.000000000,2016.466670000,PPO,0.866666700,9346.600000000
veg_SAC__carn_PPO,SAC,0.000000000,1656.966670000,PPO,0.933333337,9737.866000000
veg_SAC__carn_PPO,SAC,0.000000000,2199.600000000,PPO,0.866666700,9720.800000000
veg_SAC__carn_PPO,SAC,0.000000000,1965.066650000,PPO,0.800000000,9733.066000000
veg_SAC__carn_PPO,SAC,0.000000000,1628.600000000,PPO,0.866666700,9752.134000000
veg_SAC__carn_PPO,SAC,0.000000000,1947.000000000,PPO,0.933333337,9659.333000000
veg_SAC__carn_PPO,SAC,0.000000000,2103.566650000,PPO,0.800000000,9198.267000000
veg_SAC__carn_PPO,SAC,0.000000000,1796.733280000,PPO,0.600000000,8740.000000000
veg_SAC__carn_PPO,SAC,0.000000000,2473.633300000,PPO,0.800000000,9302.066000000
veg_SAC__carn_PPO,SAC,0.000000000,1771.800000000,PPO,0.866666700,9521.800000000
veg_SAC__carn_PPO,SAC,0.000000000,2284.600000000,PPO,1.000000000,10000.000000000
veg_SAC__carn_PPO,SAC,0.000000000,1897.600000000,PPO,0.666666700,8097.400000000
veg_SAC__carn_PPO,SAC,0.000000000,2107.866700000,PPO,0.800000000,9135.134000000
veg_SAC__carn_PPO,SAC,0.000000000,1777.800000000,PPO,0.866666700,9596.134000000
veg_SAC__carn_PPO,SAC,0.000000000,2242.533450000,PPO,0.733333349,8710.333000000
veg_SAC__carn_PPO,SAC,0.000000000,2061.900000000,PPO,0.933333337,9921.134000000
veg_SAC__carn_PPO,SAC,0.000000000,2606.233400000,PPO,0.600000000,8175.067000000
veg_SAC__carn_PPO,SAC,0.033333335,2515.700000000,PPO,0.666666700,8438.866000000
veg_SAC__carn_PPO,SAC,0.000000000,2133.733400000,PPO,0.733333349,9040.400000000
veg_SAC__carn_PPO,SAC,0.000000000,1909.300000000,PPO,0.866666700,9021.934000000
veg_SAC__carn_PPO,SAC,0.000000000,1706.133300000,PPO,0.933333337,9851.467000000
veg_SAC__carn_PPO,SAC,0.000000000,1807.933350000,PPO,0.666666700,9507.267000000
veg_SAC__carn_PPO,SAC,0.000000000,1975.066650000,PPO,0.866666700,9718.333000000
veg_SAC__carn_PPO,SAC,0.033333335,2645.700000000,PPO,0.600000000,8322.667000000
veg_SAC__carn_PPO,SAC,0.000000000,1870.133300000,PPO,0.600000000,7964.800000000
veg_SAC__carn_PPO,SAC,0.000000000,2048.100000000,PPO,0.933333337,9699.267000000
veg_SAC__carn_PPO,SAC,0.000000000,2073.233400000,PPO,0.866666700,9733.333000000
veg_SAC__carn_PPO,SAC,0.000000000,2772.366700000,PPO,0.666666700,7847.000000000
veg_SAC__carn_PPO,SAC,0.000000000,2107.233400000,PPO,0.866666700,9745.333000000
veg_SAC__carn_PPO,SAC,0.000000000,2387.633300000,PPO,1.000000000,10000.000000000
veg_SAC__carn_PPO,SAC,0.000000000,1995.566650000,PPO,0.800000000,8898.000000000
veg_SAC__carn_PPO,SAC,0.000000000,1660.766720000,PPO,0.533333361,7658.600000000
veg_SAC__carn_PPO,SAC,0.000000000,1685.833370000,PPO,0.866666700,9317.333000000
veg_SAC__carn_PPO,SAC,0.033333335,2151.900000000,PPO,0.600000000,8982.667000000
veg_SAC__carn_PPO,SAC,0.000000000,1988.200000000,PPO,0.800000000,8959.333000000
veg_SAC__carn_PPO,SAC,0.000000000,2393.733400000,PPO,0.800000000,9416.000000000
veg_SAC__carn_PPO,SAC,0.000000000,2010.300000000,PPO,0.800000000,8707.267000000
veg_SAC__carn_PPO,SAC,0.000000000,1986.300000000,PPO,0.800000000,9013.533000000
veg_SAC__carn_PPO,SAC,0.000000000,1732.333370000,PPO,1.000000000,10000.000000000
veg_SAC__carn_PPO,SAC,0.033333335,1981.966670000,PPO,0.533333361,8079.200000000
veg_SAC__carn_PPO,SAC,0.000000000,1920.633300000,PPO,0.800000000,8790.066000000
veg_SAC__carn_PPO,SAC,0.000000000,1695.600000000,PPO,0.866666700,9359.934000000
veg_SAC__carn_PPO,SAC,0.000000000,1734.500000000,PPO,0.666666700,8179.333500000
veg_SAC__carn_SAC,SAC,0.733333349,8679.066000000,SAC,0.333333343,6330.133300000
veg_SAC__carn_SAC,SAC,0.633333300,8369.233000000,SAC,0.133333340,7616.600000000
veg_SAC__carn_SAC,SAC,0.800000000,8748.600000000,SAC,0.533333361,7860.333500000
veg_SAC__carn_SAC,SAC,0.733333349,8487.667000000,SAC,0.266666681,7064.000000000
veg_SAC__carn_SAC,SAC,0.700000000,7994.400000000,SAC,0.466666669,7528.933000000
veg_SAC__carn_SAC,SAC,0.800000000,8908.467000000,SAC,0.400000000,7329.067000000
veg_SAC__carn_SAC,SAC,0.500000000,7441.133300000,SAC,0.533333361,8148.133300000
veg_SAC__carn_SAC,SAC,0.700000000,8529.733000000,SAC,0.466666669,8243.533000000
veg_SAC__carn_SAC,SAC,0.633333300,7484.833500000,SAC,0.066666670,5734.333500000
veg_SAC__carn_SAC,SAC,0.900000000,9213.500000000,SAC,0.200000000,7098.733400000
veg_SAC__carn_SAC,SAC,0.800000000,8847.400000000,SAC,0.333333343,7901.467000000
veg_SAC__carn_SAC,SAC,0.533333361,7774.067000000,SAC,0.266666681,7417.000000000
veg_SAC__carn_SAC,SAC,0.666666700,8395.366000000,SAC,0.333333343,7505.133300000
veg_SAC__carn_SAC,SAC,0.900000000,9436.066000000,SAC,0.200000000,6567.133300000
veg_SAC__carn_SAC,SAC,0.766666651,8552.366000000,SAC,0.066666670,6165.200000000
veg_SAC__carn_SAC,SAC,0.766666651,8377.167000000,SAC,0.266666681,5884.067000000
veg_SAC__carn_SAC,SAC,0.800000000,8412.366000000,SAC,0.200000000,6344.200000000
veg_SAC__carn_SAC,SAC,0.766666651,8411.500000000,SAC,0.133333340,6204.333500000
veg_SAC__carn_SAC,SAC,0.800000000,8797.333000000,SAC,0.200000000,6378.666500000
veg_SAC__carn_SAC,SAC,0.500000000,7071.766600000,SAC,0.533333361,8693.267000000
veg_SAC__carn_SAC,SAC,0.600000000,7630.733400000,SAC,0.400000000,8072.800000000
veg_SAC__carn_SAC,SAC,0.500000000,6817.900000000,SAC,0.200000000,7092.133300000
veg_SAC__carn_SAC,SAC,0.633333300,7906.666500000,SAC,0.133333340,6032.133300000
veg_SAC__carn_SAC,SAC,0.833333300,9047.167000000,SAC,0.133333340,6250.266600000
veg_SAC__carn_SAC,SAC,0.733333349,8663.167000000,SAC,0.266666681,6687.200000000
veg_SAC__carn_SAC,SAC,0.766666651,7927.266600000,SAC,0.000000000,2111.800000000
veg_SAC__carn_SAC,SAC,0.900000000,9572.967000000,SAC,0.066666670,4593.866700000
veg_SAC__carn_SAC,SAC,0.700000000,8350.134000000,SAC,0.333333343,7664.866700000
veg_SAC__carn_SAC,SAC,0.500000000,6981.833500000,SAC,0.066666670,6308.666500000
veg_SAC__carn_SAC,SAC,0.866666700,9156.267000000,SAC,0.000000000,2129.000000000
veg_SAC__carn_SAC,SAC,0.700000000,8075.933000000,SAC,0.400000000,7667.067000000
veg_SAC__carn_SAC,SAC,0.633333300,8452.600000000,SAC,0.200000000,6050.666500000
veg_SAC__carn_SAC,SAC,0.733333349,8158.733400000,SAC,0.200000000,6583.666500000
veg_SAC__carn_SAC,SAC,0.733333349,7831.266600000,SAC,0.000000000,2332.866700000
veg_SAC__carn_SAC,SAC,0.700000000,8174.666500000,SAC,0.333333343,6529.400000000
veg_SAC__carn_SAC,SAC,0.800000000,8668.267000000,SAC,0.266666681,7683.067000000
veg_SAC__carn_SAC,SAC,0.600000000,7562.633300000,SAC,0.066666670,6278.333500000
veg_SAC__carn_SAC,SAC,0.700000000,7409.600000000,SAC,0.000000000,2828.866700000
veg_SAC__carn_SAC,SAC,0.733333349,8202.767000000,SAC,0.266666681,7201.000000000
veg_SAC__carn_SAC,SAC,0.700000000,8227.667000000,SAC,0.333333343,7099.333500000
veg_SAC__carn_SAC,SAC,0.633333300,7853.700000000,SAC,0.200000000,6769.333500000
veg_SAC__carn_SAC,SAC,0.866666700,8911.400000000,SAC,0.000000000,2682.733400000
veg_SAC__carn_SAC,SAC,0.866666700,9031.300000000,SAC,0.266666681,7186.133300000
veg_SAC__carn_SAC,SAC,0.766666651,8700.467000000,SAC,0.000000000,5814.266600000
veg_SAC__carn_SAC,SAC,0.533333361,7011.800000000,SAC,0.533333361,7883.200000000
veg_SAC__carn_SAC,SAC,0.933333337,9423.700000000,SAC,0.000000000,2731.800000000
veg_SAC__carn_SAC,SAC,0.600000000,8124.166500000,SAC,0.200000000,6894.600000000
veg_SAC__carn_SAC,SAC,0.700000000,8239.233000000,SAC,0.200000000,7695.733400000
veg_SAC__carn_SAC,SAC,0.700000000,8199.000000000,SAC,0.133333340,4870.600000000
veg_SAC__carn_SAC,SAC,0.833333300,8752.700000000,SAC,0.000000000,2947.600000000
veg_SAC__carn_SAC,SAC,0.633333300,8376.800000000,SAC,0.400000000,6967.933000000
veg_SAC__carn_SAC,SAC,0.700000000,8410.134000000,SAC,0.333333343,7629.266600000
veg_SAC__carn_SAC,SAC,0.666666700,7999.400000000,SAC,0.200000000,6427.533000000
veg_SAC__carn_SAC,SAC,0.866666700,8926.066000000,SAC,0.000000000,2868.200000000
veg_SAC__carn_SAC,SAC,0.733333349,8873.667000000,SAC,0.400000000,7021.266600000
veg_SAC__carn_SAC,SAC,0.600000000,7870.933000000,SAC,0.133333340,6446.933000000
veg_SAC__carn_SAC,SAC,0.766666651,8387.066000000,SAC,0.266666681,6417.467000000
veg_SAC__carn_SAC,SAC,0.800000000,8470.100000000,SAC,0.000000000,3070.200000000
veg_SAC__carn_SAC,SAC,0.700000000,8354.533000000,SAC,0.133333340,6156.133300000
veg_SAC__carn_SAC,SAC,0.600000000,7915.033000000,SAC,0.333333343,6799.467000000
veg_SAC__carn_SAC,SAC,0.733333349,8066.067000000,SAC,0.200000000,5875.333500000
veg_SAC__carn_SAC,SAC,0.666666700,7888.266600000,SAC,0.000000000,3836.466550000
veg_SAC__carn_SAC,SAC,0.933333337,9739.566000000,SAC,0.200000000,6722.200000000
veg_SAC__carn_SAC,SAC,0.700000000,8143.633300000,SAC,0.266666681,6261.600000000
veg_SAC__carn_SAC,SAC,0.633333300,8545.434000000,SAC,0.333333343,7014.467000000
veg_SAC__carn_SAC,SAC,0.933333337,9555.000000000,SAC,0.000000000,3610.200000000
veg_SAC__carn_SAC,SAC,0.533333361,6818.900000000,SAC,0.066666670,7687.333500000
veg_SAC__carn_SAC,SAC,0.700000000,8346.833000000,SAC,0.266666681,6211.533000000
veg_SAC__carn_SAC,SAC,0.666666700,8263.566000000,SAC,0.333333343,8498.200000000
veg_SAC__carn_SAC,SAC,0.700000000,8501.333000000,SAC,0.000000000,4264.800000000
veg_SAC__carn_SAC,SAC,0.833333300,9053.600000000,SAC,0.200000000,7943.333500000
veg_SAC__carn_SAC,SAC,0.666666700,8169.733400000,SAC,0.133333340,6079.333500000
veg_SAC__carn_SAC,SAC,0.733333349,8582.800000000,SAC,0.266666681,7629.067000000
veg_SAC__carn_SAC,SAC,0.933333337,9549.800000000,SAC,0.000000000,5116.200000000
veg_SAC__carn_SAC,SAC,0.700000000,8323.833000000,SAC,0.266666681,7612.533000000
veg_SAC__carn_SAC,SAC,0.600000000,8107.567000000,SAC,0.133333340,6151.933000000
veg_SAC__carn_SAC,SAC,0.766666651,8541.600000000,SAC,0.000000000,5792.866700000
veg_SAC__carn_SAC,SAC,0.700000000,8183.467000000,SAC,0.066666670,5113.600000000
veg_SAC__carn_SAC,SAC,0.700000000,8176.300000000,SAC,0.333333343,7637.600000000
veg_SAC__carn_SAC,SAC,0.833333300,8675.833000000,SAC,0.200000000,7332.400000000
veg_SAC__carn_SAC,SAC,0.633333300,7476.133300000,SAC,0.266666681,6681.067000000
veg_SAC__carn_SAC,SAC,0.666666700,7801.333500000,SAC,0.200000000,6205.933000000
veg_SAC__carn_SAC,SAC,0.566666663,7714.067000000,SAC,0.133333340,6399.333500000
veg_SAC__carn_SAC,SAC,0.566666663,7592.200000000,SAC,0.200000000,6552.067000000
veg_SAC__carn_SAC,SAC,0.500000000,7131.733400000,SAC,0.266666681,6998.333500000
veg_SAC__carn_SAC,SAC,0.833333300,9345.333000000,SAC,0.200000000,5673.000000000
veg_SAC__carn_SAC,SAC,0.700000000,8034.533000000,SAC,0.066666670,5697.000000000
veg_SAC__carn_SAC,SAC,0.700000000,7612.067000000,SAC,0.000000000,2152.000000000
veg_SAC__carn_SAC,SAC,0.700000000,8108.800000000,SAC,0.333333343,7263.533000000
veg_SAC__carn_SAC,SAC,0.766666651,8816.634000000,SAC,0.333333343,7425.666500000
veg_SAC__carn_SAC,SAC,0.666666700,8184.400000000,SAC,0.533333361,8554.934000000
veg_SAC__carn_SAC,SAC,0.833333300,8575.467000000,SAC,0.000000000,2350.000000000
veg_SAC__carn_SAC,SAC,0.666666700,7952.500000000,SAC,0.266666681,7335.800000000
veg_SAC__carn_SAC,SAC,0.733333349,8116.600000000,SAC,0.266666681,7002.400000000
veg_SAC__carn_SAC,SAC,0.766666651,8782.167000000,SAC,0.200000000,7210.533000000
veg_SAC__carn_SAC,SAC,0.933333337,9432.600000000,SAC,0.000000000,2367.600000000
veg_SAC__carn_SAC,SAC,0.700000000,7976.833500000,SAC,0.266666681,7268.467000000
veg_SAC__carn_SAC,SAC,0.733333349,8145.067000000,SAC,0.066666670,6040.733400000
veg_SAC__carn_SAC,SAC,0.633333300,7803.366700000,SAC,0.400000000,6968.467000000
veg_SAC__carn_SAC,SAC,0.633333300,7395.200000000,SAC,0.000000000,2556.800000000